btm,btm,sergiogonzalez,shuyangzhou,KocsisDaniel,nicolas-f
defunctzombie,defunctzombie,larsmans,astrofrog,cgohlke,ipa-fxm
ealonso,ealonso,sergiogonzalez,epgarcia,rotty3000,codjo
ahmadia,ahmadia,nyeholt,willmot,gsaunier,mvrhov
treeder,treeder,nyeholt,willmot,gsaunier,mvrhov
jeremyfelt,jeremyfelt,gsaunier,mvrhov,willmot,nyeholt
peterbe,peterbe,larsmans,astrofrog,cgohlke,ipa-fxm
dereuromark,dereuromark,willmot,gsaunier,nyeholt,mvrhov
stewart,stewart,ghoneycutt,hunner,jhoblitt,jvazquez-r7
andymckay,andymckay,taldcroft,JensTimmerman,cgohlke,ipa-fxm
andylyall,andylyall,sergiogonzalez,epgarcia,rotty3000,codjo
Turbo87,Turbo87,sergiogonzalez,VlikeBanana,psgs,nicolas-f
justinabrahms,justinabrahms,JensTimmerman,taldcroft,ipa-fxm,larsmans
ruebot,ruebot,sergiogonzalez,shuyangzhou,KocsisDaniel,nicolas-f
cvrebert,cvrebert,gsaunier,nyeholt,willmot,mvrhov
shrikeh,shrikeh,mvrhov,gsaunier,willmot,nyeholt
domcleal,domcleal,JensTimmerman,taldcroft,ipa-fxm,larsmans
juliocamarero,juliocamarero,sergiogonzalez,DrkMatr1984,codjo,andylyall
arunoda,arunoda,sergiogonzalez,KocsisDaniel,samuelkong,DrkMatr1984
ai,ai,taldcroft,astrofrog,cgohlke,Kenneth-T-Moore
bobsilverberg,bobsilverberg,JensTimmerman,Kenneth-T-Moore,astrofrog,taldcroft
taylorotwell,taylorotwell,nyeholt,willmot,gsaunier,mvrhov
Contra,Contra,ghoneycutt,hunner,jhoblitt,jvazquez-r7
dantleech,dantleech,mvrhov,nyeholt,gsaunier,willmot
jreidinger,jreidinger,larsmans,astrofrog,ipa-fxm,boegel
chris-rock,chris-rock,ghoneycutt,jnunemaker,dgoodlad,jhoblitt
alrra,alrra,sergiogonzalez,shuyangzhou,KocsisDaniel,nicolas-f
vojtajina,vojtajina,nyeholt,gsaunier,willmot,mvrhov
Eric-Brison,Eric-Brison,willmot,nyeholt,mvrhov,gsaunier
deepak1556,deepak1556,mvrhov,nyeholt,willmot,gsaunier
tansaku,tansaku,astrofrog,cgohlke,ipa-fxm,JensTimmerman
trangvh,trangvh,sergiogonzalez,jhinkey,KocsisDaniel,nicolas-f
epgarcia,epgarcia,sergiogonzalez,rotty3000,codjo,andylyall
tfoote,tfoote,taldcroft,JensTimmerman,larsmans,ipa-fxm
douglaswth,douglaswth,todb-r7,dgoodlad,jvazquez-r7,jnunemaker
mcculls,mcculls,sergiogonzalez,SAC-CS,VlikeBanana,olivergierke
torandu,torandu,ghoneycutt,soulcutter,jhoblitt,todb-r7
edgarSilva,edgarSilva,ghoneycutt,soulcutter,jhoblitt,todb-r7
tas50,tas50,sergiogonzalez,DrkMatr1984,psgs,nicolas-f
KocsisDaniel,KocsisDaniel,sergiogonzalez,epgarcia,rotty3000,codjo
jpmckinney,jpmckinney,willmot,nyeholt,gsaunier,mvrhov
Zearin,Zearin,sergiogonzalez,DrkMatr1984,psgs,nicolas-f
sergiogonzalez,sergiogonzalez,epgarcia,rotty3000,codjo,andylyall
matthewford,matthewford,nyeholt,gsaunier,mvrhov,willmot
stephenplusplus,stephenplusplus,willmot,mvrhov,gsaunier,nyeholt
akre54,akre54,gsaunier,willmot,nyeholt,mvrhov
dblock,dblock,sergiogonzalez,mhan810,ealonso,jhinkey
radar,radar,psgs,ealonso,jhinkey,dscho
myronmarston,myronmarston,mvrhov,gsaunier,nyeholt,willmot
schmittjoh,schmittjoh,sergiogonzalez,mhan810,ealonso,jhinkey
leplatrem,leplatrem,astrofrog,stdweird,boegel,larsmans
matthew-andrews,matthew-andrews,nyeholt,gsaunier,mvrhov,willmot
lightsofapollo,lightsofapollo,ghoneycutt,soulcutter,jhoblitt,todb-r7
schisamo,schisamo,sergiogonzalez,VlikeBanana,psgs,nicolas-f
btford,btford,sergiogonzalez,jhinkey,codjo,MBQ-
bcoe,bcoe,mvrhov,willmot,gsaunier,nyeholt
mbostock,mbostock,thlorenz,dandv,gustavohenke,janantala
cstamas,cstamas,rotty3000,shuyangzhou,VlikeBanana,olivergierke
kytrinyx,kytrinyx,willmot,nyeholt,gsaunier,mvrhov
pypingou,pypingou,astrofrog,larsmans,Kenneth-T-Moore,cgohlke
Floppy,Floppy,sergiogonzalez,shuyangzhou,KocsisDaniel,nicolas-f
bakura10,bakura10,sergiogonzalez,jhinkey,KocsisDaniel,nicolas-f
simong,simong,sergiogonzalez,DrkMatr1984,laszlocsontos,brianchandotcom
natecavanaugh,natecavanaugh,sergiogonzalez,DrkMatr1984,psgs,nicolas-f
darrencauthon,darrencauthon,JensTimmerman,taldcroft,ipa-fxm,larsmans
mojavelinux,mojavelinux,sergiogonzalez,shuyangzhou,VlikeBanana,epgarcia
fatbusinessman,fatbusinessman,mvrhov,nyeholt,willmot,gsaunier
brendo,brendo,nyeholt,gsaunier,mvrhov,willmot
saulshanabrook,saulshanabrook,stdweird,JensTimmerman,Kenneth-T-Moore,ipa-fxm
juliangruber,juliangruber,gsaunier,mvrhov,willmot,nyeholt
thlorenz,thlorenz,dandv,gustavohenke,janantala,tbranyen
petebacondarwin,petebacondarwin,jhinkey,codjo,MBQ-,laszlocsontos
clefebvre,clefebvre,nyeholt,gsaunier,mvrhov,willmot
rfellows,rfellows,KocsisDaniel,vilmospapp,samuelkong,DrkMatr1984
kirs,kirs,mvrhov,gsaunier,nyeholt,willmot
fengmk2,fengmk2,mvrhov,gsaunier,nyeholt,willmot
jzaefferer,jzaefferer,mvrhov,willmot,gsaunier,nyeholt
smn,smn,cgohlke,ipa-fxm,larsmans,taldcroft
pombredanne,pombredanne,sergiogonzalez,shuyangzhou,KocsisDaniel,nicolas-f
Pomax,Pomax,sergiogonzalez,shuyangzhou,KocsisDaniel,nicolas-f
jeffharrell,jeffharrell,willmot,nyeholt,mvrhov,gsaunier
bruth,bruth,Kenneth-T-Moore,cgohlke,ipa-fxm,JensTimmerman
hampelm,hampelm,willmot,nyeholt,mvrhov,gsaunier
apenney,apenney,astrofrog,ipa-fxm,boegel,cgohlke
hunner,hunner,douglaswth,todb-r7,dgoodlad,jvazquez-r7
ConradIrwin,ConradIrwin,sergiogonzalez,shuyangzhou,KocsisDaniel,nicolas-f
dead-horse,dead-horse,gsaunier,willmot,nyeholt,mvrhov
jglick,jglick,sergiogonzalez,SAC-CS,laszlocsontos,brianchandotcom
myint,myint,astrofrog,boegel,ipa-fxm,JensTimmerman
philsturgeon,philsturgeon,shuyangzhou,KocsisDaniel,nicolas-f,vilmospapp
substack,substack,willmot,mvrhov,nyeholt,gsaunier
dieterdemeyer,dieterdemeyer,JensTimmerman,astrofrog,ipa-fxm,boegel
sax,sax,gsaunier,mvrhov,willmot,nyeholt
Bladrak,Bladrak,mvrhov,nyeholt,willmot,gsaunier
dandv,dandv,thlorenz,gustavohenke,janantala,tbranyen
tbranyen,tbranyen,thlorenz,dandv,gustavohenke,janantala
dbu,dbu,nyeholt,willmot,gsaunier,mvrhov
Ivoz,Ivoz,nyeholt,willmot,mvrhov,gsaunier
isaacs,isaacs,sergiogonzalez,shuyangzhou,KocsisDaniel,nicolas-f
ivanoats,ivanoats,mvrhov,willmot,nyeholt,gsaunier
maethu,maethu,taldcroft,cgohlke,ipa-fxm,boegel
cweiske,cweiske,mvrhov,willmot,gsaunier,nyeholt
addyosmani,addyosmani,mvrhov,gsaunier,willmot,nyeholt
coderanger,coderanger,willmot,nyeholt,gsaunier,mvrhov
verdet23,verdet23,nyeholt,willmot,gsaunier,mvrhov
jaredhanson,jaredhanson,thlorenz,dandv,janantala,tbranyen
jezdez,jezdez,larsmans,astrofrog,cgohlke,ipa-fxm
colinta,colinta,astrofrog,ipa-fxm,boegel,cgohlke
mikaelkaron,mikaelkaron,sergiogonzalez,vilmospapp,samuelkong,DrkMatr1984
josegonzalez,josegonzalez,mvrhov,gsaunier,nyeholt,willmot
mbj,mbj,sergiogonzalez,shuyangzhou,KocsisDaniel,nicolas-f
robyoung,robyoung,gsaunier,nyeholt,willmot,mvrhov
Osmose,Osmose,mvrhov,gsaunier,willmot,nyeholt
czue,czue,stdweird,JensTimmerman,ipa-fxm,Kenneth-T-Moore
pborreli,pborreli,sergiogonzalez,jhinkey,KocsisDaniel,nicolas-f
jordandukart,jordandukart,mvrhov,gsaunier,willmot,nyeholt
bradleywright,bradleywright,gsaunier,willmot,nyeholt,mvrhov
Hywan,Hywan,nyeholt,gsaunier,mvrhov,willmot
guille,guille,maximeprades,janantala,tbranyen,narqo
olalonde,olalonde,gsaunier,willmot,mvrhov,nyeholt
fnichol,fnichol,ghoneycutt,dgoodlad,jhoblitt,todb-r7
JeroenDeDauw,JeroenDeDauw,nyeholt,willmot,gsaunier,mvrhov
arv,arv,thlorenz,dandv,gustavohenke,janantala
cgohlke,cgohlke,larsmans,Kenneth-T-Moore,ipa-fxm,stdweird
alexmingoia,alexmingoia,dgoodlad,mezis,solnic,jnunemaker
jirwin,jirwin,larsmans,taldcroft,Kenneth-T-Moore,boegel
NamelessCoder,NamelessCoder,nyeholt,gsaunier,mvrhov,willmot
eviltrout,eviltrout,nyeholt,willmot,gsaunier,mvrhov
josh,josh,taldcroft,cgohlke,ipa-fxm,JensTimmerman
mbabker,mbabker,mvrhov,nyeholt,willmot,gsaunier
tboerger,tboerger,taldcroft,cgohlke,ipa-fxm,JensTimmerman
pikesley,pikesley,nyeholt,gsaunier,willmot,mvrhov
lzap,lzap,stdweird,JensTimmerman,Kenneth-T-Moore,ipa-fxm
GrahamCampbell,GrahamCampbell,sergiogonzalez,shuyangzhou,KocsisDaniel,nicolas-f
jonmak08,jonmak08,sergiogonzalez,ealonso,samuelkong,DrkMatr1984
samuelkong,samuelkong,sergiogonzalez,epgarcia,rotty3000,codjo
appleboy,appleboy,willmot,nyeholt,mvrhov,gsaunier
Jako,Jako,willmot,nyeholt,mvrhov,gsaunier
tychoish,tychoish,willmot,mvrhov,nyeholt,gsaunier
mgedmin,mgedmin,stdweird,boegel,JensTimmerman,Kenneth-T-Moore
westonplatter,westonplatter,ipa-fxm,larsmans,taldcroft,Kenneth-T-Moore
openstack-gerrit,openstack-gerrit,mvrhov,gsaunier,willmot,nyeholt
nigelgbanks,nigelgbanks,sergiogonzalez,mdelapenya,SAC-CS,JorgeFerrer
denis-sokolov,denis-sokolov,nyeholt,gsaunier,willmot,mvrhov
JensTimmerman,JensTimmerman,larsmans,Kenneth-T-Moore,ipa-fxm,stdweird
eguaj,eguaj,gsaunier,nyeholt,mvrhov,willmot
tarelli,tarelli,sergiogonzalez,SAC-CS,VlikeBanana,epgarcia
abstractj,abstractj,sergiogonzalez,SAC-CS,laszlocsontos,brianchandotcom
dfilatov,dfilatov,ghoneycutt,hunner,jhoblitt,jvazquez-r7
passy,passy,sergiogonzalez,jhinkey,KocsisDaniel,nicolas-f
rjmackay,rjmackay,mvrhov,willmot,gsaunier,nyeholt
rcbjenkins,rcbjenkins,stdweird,larsmans,boegel,astrofrog
hueniverse,hueniverse,psgs,ealonso,jhinkey,dscho
bitdeli-chef,bitdeli-chef,sergiogonzalez,shuyangzhou,KocsisDaniel,nicolas-f
huoxito,huoxito,ghoneycutt,jnunemaker,dgoodlad,jhoblitt
koenpunt,koenpunt,psgs,ealonso,jhinkey,dscho
fgrehm,fgrehm,ghoneycutt,solnic,dgoodlad,jhoblitt
ke4,ke4,douglaswth,mezis,dgoodlad,jvazquez-r7
rgbkrk,rgbkrk,sergiogonzalez,jhinkey,KocsisDaniel,nicolas-f
asfgit,asfgit,sergiogonzalez,SAC-CS,VlikeBanana,epgarcia
rotty3000,rotty3000,sergiogonzalez,epgarcia,codjo,andylyall
brianchandotcom,brianchandotcom,epgarcia,rotty3000,codjo,andylyall
vladikoff,vladikoff,sergiogonzalez,mdelapenya,SAC-CS,JorgeFerrer
visionmedia,visionmedia,shuyangzhou,KocsisDaniel,nicolas-f,vilmospapp
dg,dg,gsaunier,mvrhov,willmot,nyeholt
ikedam,ikedam,sergiogonzalez,juliocamarero,brianchandotcom,samuelkong
heuermh,heuermh,sergiogonzalez,VlikeBanana,psgs,nicolas-f
Bryukh,Bryukh,Kenneth-T-Moore,taldcroft,cgohlke,ipa-fxm
jasonnoble,jasonnoble,mvrhov,nyeholt,willmot,gsaunier
dhellmann,dhellmann,nyeholt,willmot,mvrhov,gsaunier
grosser,grosser,ghoneycutt,hunner,jhoblitt,jvazquez-r7
jpdevries,jpdevries,mvrhov,willmot,gsaunier,nyeholt
WinterSilence,WinterSilence,sergiogonzalez,mhan810,ealonso,jhinkey
jonathanong,jonathanong,sergiogonzalez,jhinkey,KocsisDaniel,nicolas-f
deadprogram,deadprogram,sergiogonzalez,SAC-CS,laszlocsontos,brianchandotcom
abotalov,abotalov,sergiogonzalez,rotty3000,VlikeBanana,olivergierke
akrabat,akrabat,mvrhov,willmot,gsaunier,nyeholt
mdelapenya,mdelapenya,sergiogonzalez,DrkMatr1984,codjo,andylyall
Raynos,Raynos,willmot,mvrhov,gsaunier,nyeholt
PaulVI,PaulVI,sergiogonzalez,KocsisDaniel,samuelkong,DrkMatr1984
mcfiredrill,mcfiredrill,ghoneycutt,soulcutter,jhoblitt,todb-r7
jmesnil,jmesnil,sergiogonzalez,SAC-CS,laszlocsontos,brianchandotcom
robhudson,robhudson,taldcroft,cgohlke,ipa-fxm,JensTimmerman
miry,miry,mvrhov,gsaunier,willmot,nyeholt
tmatilai,tmatilai,mvrhov,gsaunier,willmot,nyeholt
eko,eko,gsaunier,mvrhov,willmot,nyeholt
nirvdrum,nirvdrum,sergiogonzalez,shuyangzhou,KocsisDaniel,nicolas-f
jancborchardt,jancborchardt,mhan810,matethurzo,ealonso,jhinkey
waynepallen,waynepallen,JensTimmerman,Kenneth-T-Moore,ipa-fxm,larsmans
someara,someara,sergiogonzalez,shuyangzhou,KocsisDaniel,nicolas-f
johnjohndoe,johnjohndoe,sergiogonzalez,SAC-CS,epgarcia,rotty3000
mjallday,mjallday,sergiogonzalez,jhinkey,KocsisDaniel,nicolas-f
dirkmueller,dirkmueller,astrofrog,boegel,cgohlke,ipa-fxm
schlamar,schlamar,stdweird,larsmans,boegel,astrofrog
sethvargo,sethvargo,sergiogonzalez,shuyangzhou,KocsisDaniel,nicolas-f
kriskowal,kriskowal,mvrhov,gsaunier,willmot,nyeholt
twolfson,twolfson,larsmans,Kenneth-T-Moore,boegel,astrofrog
yields,yields,willmot,gsaunier,mvrhov,nyeholt
VlikeBanana,VlikeBanana,sergiogonzalez,epgarcia,rotty3000,codjo
sindresorhus,sindresorhus,mvrhov,nyeholt,willmot,gsaunier
till,till,mvrhov,willmot,nyeholt,gsaunier
PascalPrecht,PascalPrecht,ghoneycutt,hunner,jhoblitt,jvazquez-r7
gregorybesson,gregorybesson,willmot,gsaunier,nyeholt,mvrhov
frodsan,frodsan,nyeholt,willmot,gsaunier,mvrhov
gobengo,gobengo,gsaunier,mvrhov,willmot,nyeholt
SamSaffron,SamSaffron,mvrhov,gsaunier,nyeholt,willmot
rajinir,rajinir,Kenneth-T-Moore,JensTimmerman,cgohlke,ipa-fxm
gdi2290,gdi2290,sergiogonzalez,VlikeBanana,psgs,nicolas-f
jabley,jabley,sergiogonzalez,shuyangzhou,KocsisDaniel,nicolas-f
reset,reset,taldcroft,cgohlke,ipa-fxm,JensTimmerman
aldafu,aldafu,KocsisDaniel,vilmospapp,samuelkong,DrkMatr1984
bajtos,bajtos,sergiogonzalez,shuyangzhou,KocsisDaniel,nicolas-f
jamiecobbett,jamiecobbett,mvrhov,gsaunier,willmot,nyeholt
OliverJAsh,OliverJAsh,mvrhov,willmot,nyeholt,gsaunier
mikesherov,mikesherov,willmot,nyeholt,mvrhov,gsaunier
lbjay,lbjay,sergiogonzalez,DrkMatr1984,psgs,nicolas-f
MengZhang,MengZhang,sergiogonzalez,ealonso,samuelkong,DrkMatr1984
iainbeeston,iainbeeston,taldcroft,cgohlke,ipa-fxm,JensTimmerman
garbas,garbas,willmot,nyeholt,gsaunier,mvrhov
willdurand,willdurand,psgs,ealonso,jhinkey,dscho
stuartwdouglas,stuartwdouglas,mhan810,matethurzo,ealonso,jhinkey
hason,hason,willmot,nyeholt,mvrhov,gsaunier
guilhem,guilhem,sergiogonzalez,DrkMatr1984,psgs,nicolas-f
alicoding,alicoding,thlorenz,dandv,gustavohenke,janantala
soffes,soffes,douglaswth,mezis,dgoodlad,jvazquez-r7
cadecairos,cadecairos,thlorenz,dandv,janantala,tbranyen
jhinkey,jhinkey,epgarcia,rotty3000,codjo,andylyall
charliesome,charliesome,sergiogonzalez,shuyangzhou,KocsisDaniel,nicolas-f
jdalsem,jdalsem,mvrhov,gsaunier,willmot,nyeholt
asutherland,asutherland,thlorenz,maximeprades,janantala,tbranyen
pezholio,pezholio,mvrhov,willmot,nyeholt,gsaunier
hkdobrev,hkdobrev,sergiogonzalez,jhinkey,KocsisDaniel,nicolas-f
benilovj,benilovj,sergiogonzalez,jhinkey,KocsisDaniel,nicolas-f
sferik,sferik,sergiogonzalez,shuyangzhou,KocsisDaniel,nicolas-f
heathd,heathd,gsaunier,nyeholt,willmot,mvrhov
alloy,alloy,willmot,nyeholt,mvrhov,gsaunier
roc,roc,Kenneth-T-Moore,cgohlke,ipa-fxm,JensTimmerman
WyriHaximus,WyriHaximus,nyeholt,willmot,gsaunier,mvrhov
danielpassos,danielpassos,sergiogonzalez,ealonso,samuelkong,DrkMatr1984
sgilda,sgilda,sergiogonzalez,SAC-CS,laszlocsontos,brianchandotcom
juanluisrp,juanluisrp,sergiogonzalez,mdelapenya,ealonso,mhan810
maxogden,maxogden,dgoodlad,mezis,solnic,jnunemaker
futoase,futoase,nyeholt,gsaunier,willmot,mvrhov
freewil,freewil,nyeholt,mvrhov,gsaunier,willmot
jdalton,jdalton,willmot,nyeholt,mvrhov,gsaunier
hhuijser,hhuijser,sergiogonzalez,epgarcia,codjo,andylyall
sapegin,sapegin,larsmans,astrofrog,ipa-fxm,JensTimmerman
garbados,garbados,JensTimmerman,taldcroft,ipa-fxm,larsmans
mmalecki,mmalecki,willmot,nyeholt,gsaunier,mvrhov
rhafer,rhafer,boegel,ipa-fxm,larsmans,taldcroft
rafaelfranca,rafaelfranca,sergiogonzalez,SAC-CS,laszlocsontos,brianchandotcom
johnnyshields,johnnyshields,sergiogonzalez,SAC-CS,laszlocsontos,brianchandotcom
cableman,cableman,mvrhov,willmot,nyeholt,gsaunier
waffleio,waffleio,sergiogonzalez,jhinkey,KocsisDaniel,nicolas-f
titoBouzout,titoBouzout,sergiogonzalez,brianchandotcom,codjo,matethurzo
jdillon,jdillon,sergiogonzalez,SAC-CS,VlikeBanana,Lucariatias
dunglas,dunglas,mvrhov,gsaunier,willmot,nyeholt
paulmillr,paulmillr,mvrhov,gsaunier,nyeholt,willmot
le0pard,le0pard,astrofrog,ipa-fxm,boegel,JensTimmerman
wp-plugins-user,wp-plugins-user,willmot,mvrhov,gsaunier,nyeholt
psgs,psgs,epgarcia,rotty3000,codjo,andylyall
mickaelandrieu,mickaelandrieu,gsaunier,mvrhov,willmot,nyeholt
eymengunay,eymengunay,mvrhov,gsaunier,willmot,nyeholt
rvagg,rvagg,nyeholt,gsaunier,willmot,mvrhov
stefk,stefk,mvrhov,willmot,gsaunier,nyeholt
ericf,ericf,thlorenz,dandv,janantala,tbranyen
DeepDiver1975,DeepDiver1975,sergiogonzalez,shuyangzhou,KocsisDaniel,nicolas-f
shama,shama,gsaunier,mvrhov,willmot,nyeholt
spheromak,spheromak,mvrhov,willmot,nyeholt,gsaunier
BigBlueHat,BigBlueHat,mvrhov,gsaunier,willmot,nyeholt
cjohansen,cjohansen,sergiogonzalez,VlikeBanana,psgs,nicolas-f
gkorland,gkorland,sergiogonzalez,ealonso,jhinkey,dscho
wilreichert,wilreichert,mvrhov,gsaunier,nyeholt,willmot
wfarr,wfarr,ghoneycutt,soulcutter,jhoblitt,todb-r7
Anahkiasen,Anahkiasen,gsaunier,nyeholt,willmot,mvrhov
arian,arian,sergiogonzalez,shuyangzhou,KocsisDaniel,nicolas-f
meatballhat,meatballhat,larsmans,astrofrog,cgohlke,ipa-fxm
fredericBregier,fredericBregier,sergiogonzalez,epgarcia,codjo,andylyall
soulcutter,soulcutter,douglaswth,mezis,dgoodlad,jvazquez-r7
rjackson,rjackson,mvrhov,gsaunier,nyeholt,willmot
arthurnn,arthurnn,Kenneth-T-Moore,cgohlke,ipa-fxm,JensTimmerman
jordanilchev,jordanilchev,dandv,gustavohenke,janantala,tbranyen
imod,imod,sergiogonzalez,juliocamarero,brianchandotcom,samuelkong
danielbachhuber,danielbachhuber,mvrhov,gsaunier,nyeholt,willmot
jmikola,jmikola,willmot,mvrhov,nyeholt,gsaunier
gnugat,gnugat,willmot,nyeholt,mvrhov,gsaunier
crccheck,crccheck,mvrhov,willmot,nyeholt,gsaunier
adam-vessey,adam-vessey,sergiogonzalez,jhinkey,KocsisDaniel,nicolas-f
ralphbean,ralphbean,sergiogonzalez,jhinkey,KocsisDaniel,nicolas-f
eventualbuddha,eventualbuddha,taldcroft,cgohlke,ipa-fxm,JensTimmerman
nemesisdesign,nemesisdesign,stdweird,Kenneth-T-Moore,ipa-fxm,astrofrog
pylerSM,pylerSM,sergiogonzalez,epgarcia,codjo,andylyall
kevva,kevva,mvrhov,willmot,nyeholt,gsaunier
MorganDawe,MorganDawe,mvrhov,gsaunier,nyeholt,willmot
mtdowling,mtdowling,nyeholt,gsaunier,mvrhov,willmot
pulse00,pulse00,sergiogonzalez,jhinkey,KocsisDaniel,nicolas-f
taldcroft,taldcroft,larsmans,Kenneth-T-Moore,ipa-fxm,stdweird
yorkie,yorkie,taldcroft,astrofrog,Kenneth-T-Moore,boegel
Vexatos,Vexatos,sergiogonzalez,rotty3000,VlikeBanana,olivergierke
jdutil,jdutil,ghoneycutt,hunner,jhoblitt,jvazquez-r7
rande,rande,gsaunier,nyeholt,willmot,mvrhov
JordanHatch,JordanHatch,mvrhov,willmot,nyeholt,gsaunier
petergoldstein,petergoldstein,mvrhov,willmot,gsaunier,nyeholt
ixti,ixti,ghoneycutt,hunner,jhoblitt,jvazquez-r7
robertchoi8099,robertchoi8099,astrofrog,ipa-fxm,boegel,JensTimmerman
iElectric,iElectric,taldcroft,cgohlke,ipa-fxm,larsmans
vjuranek,vjuranek,sergiogonzalez,shuyangzhou,VlikeBanana,epgarcia
Aaron1011,Aaron1011,astrofrog,boegel,cgohlke,ipa-fxm
sheadawson,sheadawson,gsaunier,mvrhov,nyeholt,willmot
romainneutron,romainneutron,nyeholt,gsaunier,mvrhov,willmot
kerrizor,kerrizor,taldcroft,astrofrog,cgohlke,Kenneth-T-Moore
bflad,bflad,larsmans,cgohlke,ipa-fxm,JensTimmerman
steventux,steventux,gsaunier,mvrhov,willmot,nyeholt
hughsk,hughsk,thlorenz,dandv,janantala,tbranyen
k88hudson,k88hudson,dandv,gustavohenke,janantala,tbranyen
paulczar,paulczar,larsmans,taldcroft,Kenneth-T-Moore,boegel
henrikbjorn,henrikbjorn,mvrhov,willmot,nyeholt,gsaunier
WoLpH,WoLpH,sergiogonzalez,VlikeBanana,olivergierke,hhuijser
ndeloof,ndeloof,sergiogonzalez,shuyangzhou,KocsisDaniel,nicolas-f
pmclanahan,pmclanahan,gsaunier,mvrhov,willmot,nyeholt
fabpot,fabpot,willmot,mvrhov,nyeholt,gsaunier
KingYes,KingYes,gsaunier,mvrhov,willmot,nyeholt
mzgol,mzgol,mvrhov,willmot,gsaunier,nyeholt
saltybeagle,saltybeagle,sergiogonzalez,topolik,codjo,MBQ-
pwaller,pwaller,taldcroft,cgohlke,ipa-fxm,boegel
joshk,joshk,sergiogonzalez,SAC-CS,epgarcia,rotty3000
mlafeldt,mlafeldt,nyeholt,willmot,mvrhov,gsaunier
AndreiH,AndreiH,boegel,astrofrog,taldcroft,Kenneth-T-Moore
dscho,dscho,sergiogonzalez,epgarcia,rotty3000,codjo
bendiy,bendiy,nyeholt,willmot,gsaunier,mvrhov
chirimoya,chirimoya,gsaunier,mvrhov,willmot,nyeholt
egeloen,egeloen,nyeholt,willmot,gsaunier,mvrhov
lfryc,lfryc,sergiogonzalez,shuyangzhou,KocsisDaniel,nicolas-f
gjtorikian,gjtorikian,sergiogonzalez,jhinkey,KocsisDaniel,nicolas-f
bebef1987,bebef1987,Kenneth-T-Moore,taldcroft,cgohlke,ipa-fxm
dokuwiki-translate,dokuwiki-translate,mvrhov,willmot,nyeholt,gsaunier
MightyBear007,MightyBear007,sergiogonzalez,juliocamarero,codjo,matethurzo
shieldo,shieldo,mvrhov,gsaunier,nyeholt,willmot
splattael,splattael,gsaunier,nyeholt,willmot,mvrhov
jcoglan,jcoglan,gsaunier,mvrhov,willmot,nyeholt
zenorocha,zenorocha,sergiogonzalez,shuyangzhou,KocsisDaniel,nicolas-f
barryvdh,barryvdh,gsaunier,nyeholt,mvrhov,willmot
silverbucket,silverbucket,ghoneycutt,soulcutter,jhoblitt,todb-r7
gabebw,gabebw,nyeholt,gsaunier,mvrhov,willmot
guilhermeblanco,guilhermeblanco,gsaunier,mvrhov,willmot,nyeholt
adamjacobbecker,adamjacobbecker,gsaunier,willmot,nyeholt,mvrhov
rkh,rkh,ghoneycutt,soulcutter,jhoblitt,todb-r7
doublerr,doublerr,sergiogonzalez,jhinkey,KocsisDaniel,nicolas-f
papandreou,papandreou,ghoneycutt,dgoodlad,jhoblitt,todb-r7
vesln,vesln,willmot,mvrhov,gsaunier,nyeholt
stefanw,stefanw,taldcroft,JensTimmerman,cgohlke,ipa-fxm
andreasisaak,andreasisaak,sergiogonzalez,psgs,ealonso,jhinkey
Maks3w,Maks3w,mvrhov,gsaunier,nyeholt,willmot
raix,raix,KocsisDaniel,samuelkong,DrkMatr1984,rotty3000
neoziro,neoziro,willmot,mvrhov,nyeholt,gsaunier
jgable,jgable,mezis,todb-r7,solnic,jnunemaker
asciidisco,asciidisco,ghoneycutt,hunner,jhoblitt,jvazquez-r7
parkr,parkr,willmot,nyeholt,gsaunier,mvrhov
gauthierm,gauthierm,willmot,nyeholt,gsaunier,mvrhov
matthew-brett,matthew-brett,JensTimmerman,Kenneth-T-Moore,taldcroft,boegel
davglass,davglass,sergiogonzalez,SAC-CS,epgarcia,rotty3000
gianpaj,gianpaj,sergiogonzalez,shuyangzhou,KocsisDaniel,nicolas-f
rmm5t,rmm5t,taldcroft,astrofrog,cgohlke,JensTimmerman
carlossg,carlossg,sergiogonzalez,DrkMatr1984,psgs,nicolas-f
csierra,csierra,epgarcia,rotty3000,codjo,andylyall
mvidner,mvidner,astrofrog,ipa-fxm,boegel,JensTimmerman
orta,orta,mvrhov,gsaunier,nyeholt,willmot
vipulnsward,vipulnsward,psgs,ealonso,jhinkey,dscho
Seldaek,Seldaek,mvrhov,willmot,nyeholt,gsaunier
tonydspaniard,tonydspaniard,gsaunier,mvrhov,willmot,nyeholt
tomByrer,tomByrer,ghoneycutt,jnunemaker,dgoodlad,jhoblitt
lamont-granquist,lamont-granquist,shuyangzhou,KocsisDaniel,nicolas-f,vilmospapp
fivetanley,fivetanley,nyeholt,willmot,gsaunier,mvrhov
kohsuke,kohsuke,sergiogonzalez,SAC-CS,laszlocsontos,brianchandotcom
jcoyne,jcoyne,sergiogonzalez,DrkMatr1984,laszlocsontos,brianchandotcom
matthewwithanm,matthewwithanm,JensTimmerman,taldcroft,ipa-fxm,larsmans
stof,stof,nyeholt,gsaunier,willmot,mvrhov
robocoder,robocoder,sergiogonzalez,shuyangzhou,KocsisDaniel,nicolas-f
sergeylevchenko,sergeylevchenko,astrofrog,cgohlke,ipa-fxm,JensTimmerman
saschpe,saschpe,sergiogonzalez,VlikeBanana,psgs,nicolas-f
pconrad,pconrad,sergiogonzalez,ealonso,samuelkong,DrkMatr1984
metaodi,metaodi,boegel,astrofrog,ipa-fxm,JensTimmerman
ares,ares,ipa-fxm,astrofrog,taldcroft,cgohlke
aslakknutsen,aslakknutsen,sergiogonzalez,shuyangzhou,KocsisDaniel,nicolas-f
sokra,sokra,thlorenz,dandv,janantala,tbranyen
popomore,popomore,mvrhov,gsaunier,willmot,nyeholt
spicyj,spicyj,nyeholt,gsaunier,mvrhov,willmot
GianlucaGuarini,GianlucaGuarini,willmot,nyeholt,mvrhov,gsaunier
caridy,caridy,dandv,gustavohenke,janantala,tbranyen
thomasboyt,thomasboyt,gsaunier,nyeholt,willmot,mvrhov
arkadykanevsky,arkadykanevsky,stdweird,Kenneth-T-Moore,ipa-fxm,astrofrog
stephenmcd,stephenmcd,larsmans,taldcroft,Kenneth-T-Moore,boegel
xaviershay,xaviershay,cgohlke,ipa-fxm,JensTimmerman,taldcroft
iHiD,iHiD,ghoneycutt,hunner,jhoblitt,jvazquez-r7
stevenharman,stevenharman,ghoneycutt,soulcutter,jhoblitt,todb-r7
lepture,lepture,sergiogonzalez,shuyangzhou,KocsisDaniel,nicolas-f
hatchan,hatchan,stdweird,JensTimmerman,Kenneth-T-Moore,ipa-fxm
khink,khink,sergiogonzalez,VlikeBanana,psgs,nicolas-f
gunnarmorling,gunnarmorling,sergiogonzalez,DrkMatr1984,laszlocsontos,brianchandotcom
jihoonl,jihoonl,rotty3000,ealonso,mhan810,nicolas-f
forkbot,forkbot,sergiogonzalez,shuyangzhou,KocsisDaniel,nicolas-f
HenrikJoreteg,HenrikJoreteg,ghoneycutt,jnunemaker,dgoodlad,jhoblitt
alext,alext,mvrhov,gsaunier,willmot,nyeholt
smiklosovic,smiklosovic,sergiogonzalez,SAC-CS,laszlocsontos,brianchandotcom
bkkrw,bkkrw,stdweird,taldcroft,boegel,astrofrog
wilmoore,wilmoore,nyeholt,willmot,gsaunier,mvrhov
jaredly,jaredly,mvrhov,willmot,nyeholt,gsaunier
dmi3yy,dmi3yy,willmot,nyeholt,mvrhov,gsaunier
rackerjoe,rackerjoe,stdweird,JensTimmerman,ipa-fxm,Kenneth-T-Moore
RobLoach,RobLoach,nyeholt,gsaunier,willmot,mvrhov
mmerickel,mmerickel,stdweird,larsmans,boegel,astrofrog
wolever,wolever,JensTimmerman,taldcroft,ipa-fxm,larsmans
jugglinmike,jugglinmike,mvrhov,gsaunier,nyeholt,willmot
JakeWharton,JakeWharton,sergiogonzalez,rotty3000,ealonso,mhan810
migurski,migurski,mvrhov,gsaunier,nyeholt,willmot
moltam89,moltam89,sergiogonzalez,ealonso,samuelkong,DrkMatr1984
JacksonTian,JacksonTian,willmot,nyeholt,mvrhov,gsaunier
clue,clue,willmot,mvrhov,nyeholt,gsaunier
matthesrieke,matthesrieke,sergiogonzalez,KocsisDaniel,samuelkong,DrkMatr1984
mythmon,mythmon,sergiogonzalez,jhinkey,KocsisDaniel,nicolas-f
tristanlins,tristanlins,shuyangzhou,VlikeBanana,KocsisDaniel,nicolas-f
jsoref,jsoref,sergiogonzalez,laszlocsontos,matethurzo,codjo
dcramer,dcramer,sergiogonzalez,shuyangzhou,KocsisDaniel,nicolas-f
xtian,xtian,willmot,nyeholt,gsaunier,mvrhov
BenoitLeveque,BenoitLeveque,gsaunier,nyeholt,willmot,mvrhov
svnlto,svnlto,sergiogonzalez,VlikeBanana,KocsisDaniel,nicolas-f
pdehaan,pdehaan,sergiogonzalez,KocsisDaniel,samuelkong,DrkMatr1984
twinge,twinge,ghoneycutt,soulcutter,jhoblitt,todb-r7
jone,jone,stdweird,larsmans,boegel,astrofrog
odi-robot,odi-robot,ghoneycutt,hunner,jhoblitt,todb-r7
Mithgol,Mithgol,mhan810,matethurzo,ealonso,jhinkey
simi,simi,nyeholt,gsaunier,mvrhov,willmot
tamird,tamird,ghoneycutt,solnic,dgoodlad,jhoblitt
njam,njam,nyeholt,willmot,mvrhov,gsaunier
jean,jean,willmot,nyeholt,gsaunier,mvrhov
tadatuta,tadatuta,sergiogonzalez,ealonso,samuelkong,DrkMatr1984
IgorMinar,IgorMinar,thlorenz,maximeprades,janantala,tbranyen
krainboltgreene,krainboltgreene,ghoneycutt,jnunemaker,dgoodlad,jhoblitt
buckett,buckett,sergiogonzalez,KocsisDaniel,samuelkong,DrkMatr1984
mprins,mprins,sergiogonzalez,jhinkey,KocsisDaniel,nicolas-f
rubenv,rubenv,ipa-fxm,larsmans,taldcroft,Kenneth-T-Moore
nebhale,nebhale,mhan810,matethurzo,ealonso,jhinkey
GregSutcliffe,GregSutcliffe,ghoneycutt,dgoodlad,jhoblitt,todb-r7
rafabene,rafabene,sergiogonzalez,DrkMatr1984,laszlocsontos,brianchandotcom
repeatedly,repeatedly,JensTimmerman,Kenneth-T-Moore,ipa-fxm,larsmans
phalcon,phalcon,jhinkey,KocsisDaniel,nicolas-f,vilmospapp
igalic,igalic,Kenneth-T-Moore,JensTimmerman,cgohlke,ipa-fxm
paales,paales,mvrhov,willmot,gsaunier,nyeholt
raphink,raphink,stdweird,JensTimmerman,ipa-fxm,Kenneth-T-Moore
wedaly,wedaly,sergiogonzalez,mdelapenya,ealonso,mhan810
keul,keul,astrofrog,boegel,ipa-fxm,JensTimmerman
kou,kou,ghoneycutt,jnunemaker,dgoodlad,jhoblitt
sanemat,sanemat,gsaunier,mvrhov,nyeholt,willmot
alediator,alediator,sergiogonzalez,KocsisDaniel,samuelkong,DrkMatr1984
gaye,gaye,astrofrog,Kenneth-T-Moore,cgohlke,ipa-fxm
jmazzi,jmazzi,ghoneycutt,soulcutter,jhoblitt,todb-r7
ProLoser,ProLoser,gsaunier,nyeholt,willmot,mvrhov
gthb,gthb,larsmans,astrofrog,cgohlke,ipa-fxm
cwjohnston,cwjohnston,astrofrog,ipa-fxm,boegel,JensTimmerman
boegel,boegel,larsmans,Kenneth-T-Moore,ipa-fxm,stdweird
meshy,meshy,cgohlke,astrofrog,taldcroft,larsmans
superdweebie,superdweebie,mvrhov,nyeholt,willmot,gsaunier
MatthewMueller,MatthewMueller,nyeholt,mvrhov,willmot,gsaunier
JeanMertz,JeanMertz,sergiogonzalez,psgs,ealonso,jhinkey
archananaik,archananaik,todb-r7,mezis,solnic,jnunemaker
h4cc,h4cc,nyeholt,mvrhov,gsaunier,willmot
samccone,samccone,nyeholt,gsaunier,willmot,mvrhov
terinjokes,terinjokes,astrofrog,boegel,cgohlke,ipa-fxm
Fantomas42,Fantomas42,Kenneth-T-Moore,taldcroft,cgohlke,ipa-fxm
jtimberman,jtimberman,sergiogonzalez,shuyangzhou,KocsisDaniel,nicolas-f
ninfaj,ninfaj,astrofrog,ipa-fxm,boegel,larsmans
vinayvinay,vinayvinay,nyeholt,gsaunier,mvrhov,willmot
lloydwatkin,lloydwatkin,sergiogonzalez,DrkMatr1984,psgs,nicolas-f
mbklein,mbklein,sergiogonzalez,SAC-CS,juliocamarero,laszlocsontos
TooTallNate,TooTallNate,mvrhov,willmot,nyeholt,gsaunier
yedi,yedi,taldcroft,cgohlke,ipa-fxm,larsmans
dadoonet,dadoonet,sergiogonzalez,SAC-CS,laszlocsontos,brianchandotcom
WouterJ,WouterJ,mvrhov,gsaunier,nyeholt,willmot
zeke,zeke,JensTimmerman,taldcroft,ipa-fxm,larsmans
robertoDiaz,robertoDiaz,sergiogonzalez,epgarcia,rotty3000,codjo
dgoodlad,dgoodlad,douglaswth,todb-r7,jvazquez-r7,jnunemaker
cloudnull,cloudnull,stdweird,Kenneth-T-Moore,ipa-fxm,astrofrog
ugisozols,ugisozols,sergiogonzalez,shuyangzhou,KocsisDaniel,nicolas-f
calvinfo,calvinfo,gsaunier,mvrhov,willmot,nyeholt
nacx,nacx,sergiogonzalez,rotty3000,VlikeBanana,olivergierke
astrofrog,astrofrog,larsmans,Kenneth-T-Moore,ipa-fxm,stdweird
twokul,twokul,gsaunier,nyeholt,willmot,mvrhov
tterrag1098,tterrag1098,sergiogonzalez,brianchandotcom,codjo,matethurzo
gotcha,gotcha,JensTimmerman,stdweird,boegel,Kenneth-T-Moore
ezimuel,ezimuel,willmot,gsaunier,nyeholt,mvrhov
vangheem,vangheem,larsmans,boegel,astrofrog,taldcroft
RReverser,RReverser,thlorenz,dandv,gustavohenke,janantala
cebe,cebe,gsaunier,nyeholt,willmot,mvrhov
futhr,futhr,ghoneycutt,soulcutter,jhoblitt,todb-r7
beberlei,beberlei,sergiogonzalez,VlikeBanana,KocsisDaniel,nicolas-f
glebm,glebm,ghoneycutt,hunner,jhoblitt,jvazquez-r7
XhmikosR,XhmikosR,sergiogonzalez,shuyangzhou,KocsisDaniel,nicolas-f
benlangfeld,benlangfeld,sergiogonzalez,DrkMatr1984,psgs,nicolas-f
avelino,avelino,larsmans,cgohlke,ipa-fxm,JensTimmerman
demands,demands,nyeholt,willmot,gsaunier,mvrhov
stevenschlansker,stevenschlansker,sergiogonzalez,vilmospapp,brianchandotcom,samuelkong
willtp87,willtp87,nyeholt,gsaunier,willmot,mvrhov
scopatz,scopatz,mvrhov,nyeholt,willmot,gsaunier
halkyon,halkyon,mvrhov,gsaunier,willmot,nyeholt
ianstormtaylor,ianstormtaylor,nyeholt,gsaunier,mvrhov,willmot
psi-4ward,psi-4ward,sergiogonzalez,jhinkey,KocsisDaniel,nicolas-f
jsilvestre,jsilvestre,JensTimmerman,taldcroft,ipa-fxm,larsmans
msabramo,msabramo,sergiogonzalez,SAC-CS,VlikeBanana,olivergierke
parndt,parndt,nyeholt,mvrhov,gsaunier,willmot
invsblduck,invsblduck,boegel,ipa-fxm,JensTimmerman,cgohlke
weierophinney,weierophinney,nyeholt,gsaunier,mvrhov,willmot
nickvergessen,nickvergessen,sergiogonzalez,shuyangzhou,KocsisDaniel,nicolas-f
tseaver,tseaver,boegel,stdweird,Kenneth-T-Moore,taldcroft
SAC-CS,SAC-CS,sergiogonzalez,DrkMatr1984,codjo,andylyall
backbone87,backbone87,sergiogonzalez,psgs,ealonso,jhinkey
minad,minad,ghoneycutt,hunner,jhoblitt,jvazquez-r7
acdha,acdha,stdweird,larsmans,boegel,astrofrog
nickstenning,nickstenning,gsaunier,nyeholt,willmot,mvrhov
locks,locks,nyeholt,willmot,gsaunier,mvrhov
wilsonge,wilsonge,gsaunier,mvrhov,nyeholt,willmot
ryanramage,ryanramage,gsaunier,willmot,mvrhov,nyeholt
dongilbert,dongilbert,willmot,gsaunier,mvrhov,nyeholt
ben-ng,ben-ng,boegel,stdweird,Kenneth-T-Moore,taldcroft
srt32,srt32,cgohlke,ipa-fxm,JensTimmerman,taldcroft
kevinsawicki,kevinsawicki,sergiogonzalez,SAC-CS,VlikeBanana,epgarcia
rdohms,rdohms,willmot,mvrhov,nyeholt,gsaunier
mgaitan,mgaitan,sergiogonzalez,shuyangzhou,KocsisDaniel,nicolas-f
stefanpenner,stefanpenner,mvrhov,gsaunier,willmot,nyeholt
stdweird,stdweird,larsmans,Kenneth-T-Moore,ipa-fxm,boegel
elbaschid,elbaschid,Kenneth-T-Moore,JensTimmerman,cgohlke,ipa-fxm
gregmolnar,gregmolnar,mvrhov,nyeholt,willmot,gsaunier
garysweaver,garysweaver,sergiogonzalez,SAC-CS,laszlocsontos,brianchandotcom
aequasi,aequasi,mvrhov,willmot,gsaunier,nyeholt
sharoonthomas,sharoonthomas,gsaunier,nyeholt,willmot,mvrhov
tenderlove,tenderlove,sergiogonzalez,juliocamarero,brianchandotcom,samuelkong
cdearborn,cdearborn,larsmans,astrofrog,cgohlke,ipa-fxm
dominictarr,dominictarr,ghoneycutt,hunner,jhoblitt,jvazquez-r7
pmjones,pmjones,nyeholt,gsaunier,mvrhov,willmot
markstory,markstory,nyeholt,willmot,gsaunier,mvrhov
JuanitoFatas,JuanitoFatas,mvrhov,willmot,gsaunier,nyeholt
marcqualie,marcqualie,gsaunier,willmot,nyeholt,mvrhov
asmeurer,asmeurer,Kenneth-T-Moore,larsmans,ipa-fxm,cgohlke
amcgowanca,amcgowanca,willmot,mvrhov,gsaunier,nyeholt
pat270,pat270,KocsisDaniel,samuelkong,DrkMatr1984,rotty3000
phoet,phoet,mezis,todb-r7,solnic,jnunemaker
stonier,stonier,sergiogonzalez,rotty3000,ealonso,mhan810
cesine,cesine,sergiogonzalez,DrkMatr1984,psgs,nicolas-f
matzew,matzew,sergiogonzalez,SAC-CS,laszlocsontos,brianchandotcom
ronkorving,ronkorving,ghoneycutt,soulcutter,jhoblitt,todb-r7
Gozala,Gozala,gsaunier,willmot,nyeholt,mvrhov
mattheu,mattheu,mvrhov,willmot,gsaunier,nyeholt
DavidMikeSimon,DavidMikeSimon,willmot,nyeholt,gsaunier,mvrhov
reaperhulk,reaperhulk,larsmans,astrofrog,cgohlke,ipa-fxm
Kenneth-T-Moore,Kenneth-T-Moore,larsmans,ipa-fxm,stdweird,boegel
jasnow,jasnow,DrkMatr1984,vilmospapp,psgs,nicolas-f
haus,haus,gsaunier,nyeholt,willmot,mvrhov
janl,janl,ghoneycutt,hunner,jhoblitt,todb-r7
clayallsopp,clayallsopp,mhan810,matethurzo,ealonso,jhinkey
RobinvdVleuten,RobinvdVleuten,gsaunier,willmot,nyeholt,mvrhov
jhawthorn,jhawthorn,stdweird,taldcroft,boegel,astrofrog
AndreasHeiberg,AndreasHeiberg,gsaunier,mvrhov,willmot,nyeholt
andreypopp,andreypopp,sergiogonzalez,shuyangzhou,KocsisDaniel,nicolas-f
joehoyle,joehoyle,gsaunier,mvrhov,willmot,nyeholt
sam-github,sam-github,ghoneycutt,soulcutter,jhoblitt,todb-r7
johnbellone,johnbellone,mvrhov,gsaunier,willmot,nyeholt
nfroidure,nfroidure,ghoneycutt,hunner,jhoblitt,jvazquez-r7
quarterto,quarterto,nyeholt,gsaunier,mvrhov,willmot
ScottDowne,ScottDowne,thlorenz,maximeprades,janantala,tbranyen
bricker,bricker,mvrhov,gsaunier,nyeholt,willmot
abztrakt,abztrakt,gsaunier,nyeholt,willmot,mvrhov
azakus,azakus,sergiogonzalez,psgs,ealonso,jhinkey
dongweiming,dongweiming,larsmans,taldcroft,Kenneth-T-Moore,boegel
rafecolton,rafecolton,nyeholt,gsaunier,mvrhov,willmot
dirk-thomas,dirk-thomas,boegel,astrofrog,taldcroft,Kenneth-T-Moore
zimbatm,zimbatm,willmot,nyeholt,gsaunier,mvrhov
brunobasto,brunobasto,sergiogonzalez,KocsisDaniel,samuelkong,DrkMatr1984
adrianmacneil,adrianmacneil,nyeholt,gsaunier,mvrhov,willmot
lyrixx,lyrixx,sergiogonzalez,shuyangzhou,KocsisDaniel,nicolas-f
wilr,wilr,nyeholt,gsaunier,mvrhov,willmot
aaugustin,aaugustin,JensTimmerman,taldcroft,astrofrog,ipa-fxm
schmunk42,schmunk42,willmot,nyeholt,mvrhov,gsaunier
beck24,beck24,sergiogonzalez,jhinkey,codjo,MBQ-
harikt,harikt,mvrhov,gsaunier,nyeholt,willmot
loopj,loopj,sergiogonzalez,shuyangzhou,KocsisDaniel,nicolas-f
petems,petems,sergiogonzalez,DrkMatr1984,psgs,nicolas-f
prometheanfire,prometheanfire,astrofrog,cgohlke,ipa-fxm,JensTimmerman
michitux,michitux,willmot,nyeholt,mvrhov,gsaunier
anthonyshort,anthonyshort,mvrhov,gsaunier,nyeholt,willmot
AbrarSyed,AbrarSyed,sergiogonzalez,nicolas-f,fredericBregier,samuelkong
eric,eric,sergiogonzalez,jhinkey,KocsisDaniel,nicolas-f
dpaterson,dpaterson,JensTimmerman,taldcroft,ipa-fxm,larsmans
thet,thet,astrofrog,cgohlke,ipa-fxm,boegel
juriansluiman,juriansluiman,willmot,mvrhov,gsaunier,nyeholt
indexzero,indexzero,nyeholt,gsaunier,mvrhov,willmot
koriym,koriym,willmot,mvrhov,gsaunier,nyeholt
Constellation,Constellation,taldcroft,cgohlke,ipa-fxm,JensTimmerman
Trott,Trott,sergiogonzalez,shuyangzhou,KocsisDaniel,nicolas-f
ForbesLindesay,ForbesLindesay,sergiogonzalez,shuyangzhou,KocsisDaniel,nicolas-f
andris9,andris9,nyeholt,mvrhov,willmot,gsaunier
WebReflection,WebReflection,sergiogonzalez,psgs,ealonso,jhinkey
alimony,alimony,gsaunier,nyeholt,willmot,mvrhov
emanwebdev,emanwebdev,mvrhov,gsaunier,willmot,nyeholt
joeybaker,joeybaker,mvrhov,nyeholt,willmot,gsaunier
justincampbell,justincampbell,Kenneth-T-Moore,cgohlke,ipa-fxm,astrofrog
alsotang,alsotang,cgohlke,astrofrog,boegel,taldcroft
drnic,drnic,ghoneycutt,jnunemaker,dgoodlad,jhoblitt
konklone,konklone,Kenneth-T-Moore,cgohlke,ipa-fxm,JensTimmerman
brutasse,brutasse,Kenneth-T-Moore,JensTimmerman,cgohlke,ipa-fxm
clkao,clkao,sergiogonzalez,shuyangzhou,KocsisDaniel,nicolas-f
CloCkWeRX,CloCkWeRX,nyeholt,willmot,gsaunier,mvrhov
sheerun,sheerun,taldcroft,cgohlke,ipa-fxm,JensTimmerman
feross,feross,stdweird,JensTimmerman,larsmans,boegel
ebryn,ebryn,gsaunier,willmot,nyeholt,mvrhov
ohadlevy,ohadlevy,ghoneycutt,jnunemaker,dgoodlad,jhoblitt
airportyh,airportyh,mvrhov,willmot,gsaunier,nyeholt
Asmod4n,Asmod4n,gsaunier,willmot,nyeholt,mvrhov
jverdeyen,jverdeyen,gsaunier,willmot,nyeholt,mvrhov
lincolnthree,lincolnthree,sergiogonzalez,psgs,ealonso,jhinkey
printercu,printercu,nyeholt,gsaunier,mvrhov,willmot
maxlinc,maxlinc,willmot,nyeholt,mvrhov,gsaunier
AgelxNash,AgelxNash,willmot,mvrhov,gsaunier,nyeholt
mafintosh,mafintosh,gsaunier,nyeholt,willmot,mvrhov
prathamesh-sonpatki,prathamesh-sonpatki,sergiogonzalez,DrkMatr1984,laszlocsontos,brianchandotcom
vuntz,vuntz,sergiogonzalez,SAC-CS,VlikeBanana,epgarcia
calvinmetcalf,calvinmetcalf,mvrhov,gsaunier,willmot,nyeholt
todb-r7,todb-r7,douglaswth,dgoodlad,jvazquez-r7,jnunemaker
guilleiguaran,guilleiguaran,stdweird,Kenneth-T-Moore,ipa-fxm,larsmans
discordier,discordier,sergiogonzalez,psgs,ealonso,jhinkey
gkellogg,gkellogg,stdweird,larsmans,boegel,astrofrog
necolas,necolas,mvrhov,gsaunier,nyeholt,willmot
amatsuda,amatsuda,gsaunier,mvrhov,willmot,nyeholt
sipayRT,sipayRT,thlorenz,dandv,gustavohenke,janantala
a9un9hari,a9un9hari,nyeholt,gsaunier,mvrhov,willmot
chilijung,chilijung,larsmans,taldcroft,Kenneth-T-Moore,boegel
daniel-dgi,daniel-dgi,gsaunier,nyeholt,mvrhov,willmot
Swatinem,Swatinem,mvrhov,gsaunier,willmot,nyeholt
3rd-Eden,3rd-Eden,ghoneycutt,hunner,jhoblitt,jvazquez-r7
searls,searls,sergiogonzalez,DrkMatr1984,laszlocsontos,brianchandotcom
steveklabnik,steveklabnik,willmot,nyeholt,mvrhov,gsaunier
cldwalker,cldwalker,sergiogonzalez,laszlocsontos,brianchandotcom,csierra
ansell,ansell,sergiogonzalez,jhinkey,codjo,MBQ-
tschaub,tschaub,sergiogonzalez,mhan810,ealonso,jhinkey
zzak,zzak,sergiogonzalez,jhinkey,KocsisDaniel,nicolas-f
ScotterC,ScotterC,ghoneycutt,hunner,jhoblitt,todb-r7
adamantivm,adamantivm,sergiogonzalez,rotty3000,ealonso,mhan810
phuu,phuu,sergiogonzalez,juliocamarero,SAC-CS,JorgeFerrer
lipusz,lipusz,sergiogonzalez,KocsisDaniel,samuelkong,DrkMatr1984
marcellustavares,marcellustavares,sergiogonzalez,KocsisDaniel,samuelkong,DrkMatr1984
igorw,igorw,sergiogonzalez,jhinkey,KocsisDaniel,nicolas-f
phated,phated,sergiogonzalez,KocsisDaniel,samuelkong,DrkMatr1984
ming13,ming13,sergiogonzalez,shuyangzhou,KocsisDaniel,nicolas-f
cordoval,cordoval,sergiogonzalez,shuyangzhou,KocsisDaniel,nicolas-f
darranl,darranl,sergiogonzalez,ealonso,samuelkong,DrkMatr1984
mikolalysenko,mikolalysenko,dandv,gustavohenke,janantala,tbranyen
cedricziel,cedricziel,gsaunier,mvrhov,willmot,nyeholt
samsonasik,samsonasik,mvrhov,nyeholt,willmot,gsaunier
Toflar,Toflar,sergiogonzalez,shuyangzhou,KocsisDaniel,nicolas-f
stloyd,stloyd,sergiogonzalez,shuyangzhou,KocsisDaniel,nicolas-f
sebastianbergmann,sebastianbergmann,nyeholt,gsaunier,mvrhov,willmot
iceniumsamples,iceniumsamples,thlorenz,dandv,gustavohenke,janantala
davisagli,davisagli,boegel,larsmans,ipa-fxm,Kenneth-T-Moore
drak,drak,sergiogonzalez,shuyangzhou,KocsisDaniel,nicolas-f
patcon,patcon,willmot,nyeholt,mvrhov,gsaunier
pydanny,pydanny,taldcroft,cgohlke,ipa-fxm,boegel
jfromaniello,jfromaniello,willmot,nyeholt,gsaunier,mvrhov
minrk,minrk,larsmans,astrofrog,cgohlke,ipa-fxm
snopoke,snopoke,sergiogonzalez,rotty3000,ealonso,mhan810
wjwwood,wjwwood,cgohlke,ipa-fxm,JensTimmerman,taldcroft
latentflip,latentflip,soulcutter,jhoblitt,todb-r7,jvazquez-r7
lolautruche,lolautruche,willmot,nyeholt,mvrhov,gsaunier
nicolas-bastien,nicolas-bastien,nyeholt,gsaunier,willmot,mvrhov
nouiz,nouiz,astrofrog,larsmans,Kenneth-T-Moore,cgohlke
thanpolas,thanpolas,willmot,nyeholt,mvrhov,gsaunier
nlf,nlf,Kenneth-T-Moore,stdweird,larsmans,taldcroft
kennethreitz,kennethreitz,larsmans,astrofrog,ipa-fxm,boegel
ctomc,ctomc,sergiogonzalez,VlikeBanana,samuelkong,nicolas-f
kpdecker,kpdecker,ghoneycutt,jnunemaker,dgoodlad,jhoblitt
hariadi,hariadi,gsaunier,mvrhov,willmot,nyeholt
cjcolvar,cjcolvar,sergiogonzalez,DrkMatr1984,laszlocsontos,brianchandotcom
nicolas-f,nicolas-f,sergiogonzalez,epgarcia,rotty3000,codjo
raymondfeng,raymondfeng,sergiogonzalez,KocsisDaniel,samuelkong,DrkMatr1984
JorgeFerrer,JorgeFerrer,sergiogonzalez,epgarcia,codjo,andylyall
gr2m,gr2m,taldcroft,larsmans,ipa-fxm,cgohlke
guybedford,guybedford,willmot,gsaunier,mvrhov,nyeholt
edsu,edsu,sergiogonzalez,shuyangzhou,KocsisDaniel,nicolas-f
joshmoore,joshmoore,sergiogonzalez,VlikeBanana,psgs,nicolas-f
nickboldt,nickboldt,sergiogonzalez,ealonso,samuelkong,DrkMatr1984
JonRowe,JonRowe,cgohlke,ipa-fxm,JensTimmerman,taldcroft
alexmuller,alexmuller,gsaunier,willmot,nyeholt,mvrhov
lholmquist,lholmquist,sergiogonzalez,shuyangzhou,KocsisDaniel,nicolas-f
jordansissel,jordansissel,sergiogonzalez,VlikeBanana,psgs,nicolas-f
qadan,qadan,gsaunier,mvrhov,willmot,nyeholt
schneems,schneems,larsmans,astrofrog,ipa-fxm,boegel
Shotclog,Shotclog,mvrhov,willmot,gsaunier,nyeholt
joneshf,joneshf,sergiogonzalez,shuyangzhou,VlikeBanana,epgarcia
esc,esc,boegel,ipa-fxm,JensTimmerman,larsmans
tombooth,tombooth,cgohlke,ipa-fxm,JensTimmerman,taldcroft
lsmith77,lsmith77,sergiogonzalez,shuyangzhou,KocsisDaniel,nicolas-f
whit537,whit537,nyeholt,willmot,mvrhov,gsaunier
grncdr,grncdr,jhinkey,KocsisDaniel,nicolas-f,vilmospapp
reinout,reinout,willmot,mvrhov,gsaunier,nyeholt
PikachuEXE,PikachuEXE,sergiogonzalez,SAC-CS,laszlocsontos,brianchandotcom
dlackty,dlackty,sergiogonzalez,mhan810,ealonso,jhinkey
jakevdp,jakevdp,stdweird,Kenneth-T-Moore,taldcroft,astrofrog
mneuhaus,mneuhaus,willmot,gsaunier,mvrhov,nyeholt
kobliha,kobliha,JensTimmerman,taldcroft,astrofrog,ipa-fxm
ZDroid,ZDroid,sergiogonzalez,jhinkey,KocsisDaniel,nicolas-f
sneal,sneal,JensTimmerman,taldcroft,ipa-fxm,larsmans
andreaturli,andreaturli,sergiogonzalez,DrkMatr1984,codjo,andylyall
mauritsvanrees,mauritsvanrees,boegel,stdweird,Kenneth-T-Moore,taldcroft
springmeyer,springmeyer,larsmans,astrofrog,cgohlke,ipa-fxm
dsyer,dsyer,sergiogonzalez,psgs,ealonso,jhinkey
ljharb,ljharb,gsaunier,willmot,nyeholt,mvrhov
wagnert,wagnert,willmot,mvrhov,gsaunier,nyeholt
scottgonzalez,scottgonzalez,gsaunier,willmot,nyeholt,mvrhov
teddyzeenny,teddyzeenny,nyeholt,gsaunier,willmot,mvrhov
Natim,Natim,larsmans,astrofrog,cgohlke,ipa-fxm
smith,smith,taldcroft,cgohlke,ipa-fxm,stdweird
jamezp,jamezp,sergiogonzalez,mhan810,ealonso,jhinkey
petehunt,petehunt,nyeholt,gsaunier,mvrhov,willmot
particlebanana,particlebanana,thlorenz,dandv,janantala,tbranyen
marcioendo,marcioendo,sergiogonzalez,KocsisDaniel,samuelkong,DrkMatr1984
sigmavirus24,sigmavirus24,mvrhov,gsaunier,nyeholt,willmot
bezumkin,bezumkin,mvrhov,gsaunier,nyeholt,willmot
groovecoder,groovecoder,willmot,nyeholt,gsaunier,mvrhov
timoxley,timoxley,mvrhov,willmot,nyeholt,gsaunier
chillu,chillu,willmot,nyeholt,mvrhov,gsaunier
bahamas10,bahamas10,ghoneycutt,soulcutter,jhoblitt,todb-r7
just-boris,just-boris,sergiogonzalez,DrkMatr1984,laszlocsontos,brianchandotcom
eileenmcnaughton,eileenmcnaughton,willmot,mvrhov,nyeholt,gsaunier
TomHAnderson,TomHAnderson,mvrhov,gsaunier,willmot,nyeholt
markrickert,markrickert,gsaunier,willmot,mvrhov,nyeholt
bcardarella,bcardarella,mvrhov,gsaunier,nyeholt,willmot
vincentbernat,vincentbernat,stdweird,JensTimmerman,Kenneth-T-Moore,ipa-fxm
reedstrm,reedstrm,stdweird,JensTimmerman,astrofrog,taldcroft
cowtowncoder,cowtowncoder,jhinkey,matethurzo,MBQ-,laszlocsontos
mrocklin,mrocklin,mvrhov,gsaunier,nyeholt,willmot
ranjib,ranjib,mvrhov,willmot,nyeholt,gsaunier
nyeholt,nyeholt,willmot,mvrhov,gsaunier,AbrarSyed
mnowster,mnowster,mvrhov,gsaunier,willmot,nyeholt
benjamn,benjamn,mvrhov,gsaunier,nyeholt,willmot
mikermcneil,mikermcneil,ghoneycutt,soulcutter,jhoblitt,todb-r7
MauriceButler,MauriceButler,sergiogonzalez,SAC-CS,laszlocsontos,brianchandotcom
tomhughes,tomhughes,DrkMatr1984,vilmospapp,psgs,nicolas-f
jiyinyiyong,jiyinyiyong,nyeholt,willmot,mvrhov,gsaunier
paulirish,paulirish,mvrhov,gsaunier,nyeholt,willmot
daguar,daguar,sergiogonzalez,jhinkey,KocsisDaniel,nicolas-f
wyuenho,wyuenho,taldcroft,JensTimmerman,ipa-fxm,cgohlke
HeroicEric,HeroicEric,ghoneycutt,jnunemaker,dgoodlad,jhoblitt
andrewgaul,andrewgaul,sergiogonzalez,SAC-CS,VlikeBanana,olivergierke
danbev,danbev,mhan810,matethurzo,ealonso,jhinkey
brixen,brixen,sergiogonzalez,jhinkey,KocsisDaniel,nicolas-f
fukayatsu,fukayatsu,nyeholt,willmot,mvrhov,gsaunier
streeter,streeter,sergiogonzalez,jhinkey,KocsisDaniel,nicolas-f
badboy,badboy,ghoneycutt,hunner,jhoblitt,jvazquez-r7
francoisfrisch,francoisfrisch,nyeholt,gsaunier,mvrhov,willmot
tkellen,tkellen,nyeholt,gsaunier,mvrhov,willmot
eiel,eiel,sergiogonzalez,DrkMatr1984,laszlocsontos,brianchandotcom
tarcieri,tarcieri,gsaunier,willmot,nyeholt,mvrhov
vvo,vvo,mvrhov,gsaunier,nyeholt,willmot
leereilly,leereilly,taldcroft,cgohlke,ipa-fxm,JensTimmerman
claco,claco,Kenneth-T-Moore,taldcroft,larsmans,astrofrog
jdurand,jdurand,nyeholt,gsaunier,mvrhov,willmot
aredridel,aredridel,mvrhov,willmot,gsaunier,nyeholt
guillermo-carrasco,guillermo-carrasco,sergiogonzalez,jhinkey,KocsisDaniel,nicolas-f
domenic,domenic,JensTimmerman,taldcroft,ipa-fxm,larsmans
mcollina,mcollina,ghoneycutt,soulcutter,jhoblitt,todb-r7
jnunemaker,jnunemaker,douglaswth,todb-r7,dgoodlad,jvazquez-r7
meteormatt,meteormatt,astrofrog,stdweird,larsmans,boegel
jfirebaugh,jfirebaugh,taldcroft,cgohlke,ipa-fxm,JensTimmerman
maxandersen,maxandersen,sergiogonzalez,VlikeBanana,psgs,nicolas-f
sminnee,sminnee,nyeholt,gsaunier,mvrhov,willmot
jexp,jexp,sergiogonzalez,DrkMatr1984,laszlocsontos,brianchandotcom
iloveitaly,iloveitaly,gsaunier,willmot,nyeholt,mvrhov
trek,trek,gsaunier,nyeholt,willmot,mvrhov
rpflorence,rpflorence,maximeprades,janantala,tbranyen,narqo
stdavis,stdavis,mvrhov,gsaunier,willmot,nyeholt
ipa-fmw,ipa-fmw,sergiogonzalez,brianchandotcom,codjo,matethurzo
ejholmes,ejholmes,taldcroft,astrofrog,cgohlke,Kenneth-T-Moore
abenari,abenari,ghoneycutt,solnic,dgoodlad,jhoblitt
ametaireau,ametaireau,JensTimmerman,cgohlke,ipa-fxm,larsmans
ipeychev,ipeychev,sergiogonzalez,ealonso,samuelkong,DrkMatr1984
maximeprades,maximeprades,dandv,gustavohenke,janantala,tbranyen
matthewp,matthewp,willmot,mvrhov,nyeholt,gsaunier
ipa-fxm,ipa-fxm,larsmans,Kenneth-T-Moore,stdweird,boegel
caitp,caitp,larsmans,cgohlke,ipa-fxm,JensTimmerman
kyanny,kyanny,sergiogonzalez,DrkMatr1984,psgs,nicolas-f
betweenbrain,betweenbrain,mvrhov,willmot,nyeholt,gsaunier
KoryNunn,KoryNunn,ghoneycutt,hunner,jhoblitt,jvazquez-r7
f2prateek,f2prateek,sergiogonzalez,KocsisDaniel,samuelkong,DrkMatr1984
chrishunt,chrishunt,JensTimmerman,taldcroft,ipa-fxm,larsmans
sue445,sue445,sergiogonzalez,DrkMatr1984,laszlocsontos,brianchandotcom
mibamur,mibamur,sergiogonzalez,shuyangzhou,KocsisDaniel,nicolas-f
mbautin,mbautin,sergiogonzalez,SAC-CS,VlikeBanana,olivergierke
jsuchome,jsuchome,larsmans,astrofrog,cgohlke,ipa-fxm
scribu,scribu,willmot,nyeholt,gsaunier,mvrhov
bobthecow,bobthecow,mvrhov,gsaunier,nyeholt,willmot
jlongster,jlongster,taldcroft,JensTimmerman,ipa-fxm,cgohlke
adrienbrault,adrienbrault,sergiogonzalez,VlikeBanana,KocsisDaniel,nicolas-f
ttthanh,ttthanh,jhinkey,KocsisDaniel,nicolas-f,vilmospapp
FokkeZB,FokkeZB,gsaunier,nyeholt,mvrhov,willmot
roderik,roderik,sergiogonzalez,ealonso,jhinkey,dscho
toranb,toranb,astrofrog,Kenneth-T-Moore,larsmans,boegel
rfk,rfk,boegel,stdweird,Kenneth-T-Moore,taldcroft
bryanhiggins,bryanhiggins,sergiogonzalez,laszlocsontos,matethurzo,codjo
jmalloc,jmalloc,nyeholt,willmot,gsaunier,mvrhov
ajstanley,ajstanley,mvrhov,willmot,gsaunier,nyeholt
anatol,anatol,sergiogonzalez,shuyangzhou,KocsisDaniel,nicolas-f
flyerhzm,flyerhzm,sergiogonzalez,DrkMatr1984,laszlocsontos,brianchandotcom
eddiemonge,eddiemonge,nyeholt,willmot,gsaunier,mvrhov
dahlia,dahlia,sergiogonzalez,VlikeBanana,psgs,nicolas-f
mezis,mezis,douglaswth,todb-r7,dgoodlad,jvazquez-r7
jockri,jockri,mvrhov,willmot,gsaunier,nyeholt
Stuk,Stuk,gsaunier,mvrhov,willmot,nyeholt
banyan,banyan,todb-r7,mezis,solnic,jnunemaker
chadlung,chadlung,sergiogonzalez,SAC-CS,epgarcia,rotty3000
oncletom,oncletom,mvrhov,willmot,gsaunier,nyeholt
pat,pat,nyeholt,gsaunier,mvrhov,willmot
manuq,manuq,boegel,larsmans,ipa-fxm,Kenneth-T-Moore
james2doyle,james2doyle,mvrhov,willmot,nyeholt,gsaunier
1602,1602,thlorenz,maximeprades,janantala,tbranyen
joscha,joscha,sergiogonzalez,jhinkey,codjo,MBQ-
DrkMatr1984,DrkMatr1984,epgarcia,rotty3000,codjo,andylyall
Swaagie,Swaagie,mvrhov,gsaunier,nyeholt,willmot
makasim,makasim,willmot,nyeholt,mvrhov,gsaunier
cam156,cam156,sergiogonzalez,laszlocsontos,matethurzo,codjo
tmeasday,tmeasday,sergiogonzalez,KocsisDaniel,samuelkong,DrkMatr1984
afeld,afeld,larsmans,astrofrog,cgohlke,ipa-fxm
nubs,nubs,mvrhov,gsaunier,willmot,nyeholt
pboling,pboling,sergiogonzalez,SAC-CS,laszlocsontos,brianchandotcom
LeaVerou,LeaVerou,willmot,gsaunier,nyeholt,mvrhov
kmike,kmike,stdweird,JensTimmerman,Kenneth-T-Moore,ipa-fxm
peterberkenbosch,peterberkenbosch,ghoneycutt,hunner,jhoblitt,jvazquez-r7
umpirsky,umpirsky,sergiogonzalez,shuyangzhou,KocsisDaniel,nicolas-f
aways,aways,sergiogonzalez,juliocamarero,codjo,matethurzo
keflavich,keflavich,stdweird,cgohlke,astrofrog,JensTimmerman
kurund,kurund,gsaunier,mvrhov,nyeholt,willmot
jonschlinkert,jonschlinkert,mvrhov,nyeholt,willmot,gsaunier
jamielinux,jamielinux,sergiogonzalez,jhinkey,KocsisDaniel,nicolas-f
norzechowicz,norzechowicz,nyeholt,gsaunier,mvrhov,willmot
crynobone,crynobone,mhan810,matethurzo,ealonso,jhinkey
ctrueden,ctrueden,sergiogonzalez,SAC-CS,VlikeBanana,olivergierke
Axam,Axam,cgohlke,ipa-fxm,JensTimmerman,taldcroft
tmcw,tmcw,gsaunier,nyeholt,willmot,mvrhov
jeremyf,jeremyf,taldcroft,cgohlke,ipa-fxm,JensTimmerman
nicolejpaz,nicolejpaz,ghoneycutt,soulcutter,jhoblitt,todb-r7
sethvincent,sethvincent,Kenneth-T-Moore,cgohlke,ipa-fxm,JensTimmerman
shuyangzhou,shuyangzhou,sergiogonzalez,epgarcia,rotty3000,codjo
lslezak,lslezak,stdweird,boegel,JensTimmerman,Kenneth-T-Moore
pamval,pamval,sergiogonzalez,ealonso,samuelkong,DrkMatr1984
ahilles107,ahilles107,mvrhov,gsaunier,willmot,nyeholt
m8ttyB,m8ttyB,JensTimmerman,stdweird,Kenneth-T-Moore,taldcroft
zspencer,zspencer,sergiogonzalez,shuyangzhou,KocsisDaniel,nicolas-f
treyhunner,treyhunner,sergiogonzalez,DrkMatr1984,psgs,nicolas-f
Lucariatias,Lucariatias,DrkMatr1984,codjo,andylyall,topolik
andrewgross,andrewgross,sergiogonzalez,VlikeBanana,olivergierke,hhuijser
spiffyjr,spiffyjr,gsaunier,mvrhov,willmot,nyeholt
patrickkettner,patrickkettner,sergiogonzalez,shuyangzhou,KocsisDaniel,nicolas-f
alexgorbatchev,alexgorbatchev,willmot,mvrhov,gsaunier,nyeholt
llh1,llh1,douglaswth,mezis,dgoodlad,jvazquez-r7
gvwilson,gvwilson,nyeholt,willmot,mvrhov,gsaunier
ipa-nhg,ipa-nhg,taldcroft,cgohlke,ipa-fxm,larsmans
elioschmutz,elioschmutz,astrofrog,stdweird,taldcroft,boegel
mvriel,mvriel,gsaunier,mvrhov,willmot,nyeholt
richo,richo,sergiogonzalez,shuyangzhou,KocsisDaniel,nicolas-f
staabm,staabm,sergiogonzalez,shuyangzhou,KocsisDaniel,nicolas-f
atomic-penguin,atomic-penguin,JensTimmerman,taldcroft,ipa-fxm,astrofrog
do3cc,do3cc,boegel,taldcroft,stdweird,Kenneth-T-Moore
Ocramius,Ocramius,mvrhov,nyeholt,willmot,gsaunier
dmathieu,dmathieu,mvrhov,willmot,nyeholt,gsaunier
bfontaine,bfontaine,sergiogonzalez,shuyangzhou,KocsisDaniel,nicolas-f
halfdan,halfdan,sergiogonzalez,shuyangzhou,KocsisDaniel,nicolas-f
adrienthebo,adrienthebo,cgohlke,ipa-fxm,JensTimmerman,boegel
mfairchild365,mfairchild365,mvrhov,willmot,gsaunier,nyeholt
joshbetz,joshbetz,nyeholt,gsaunier,mvrhov,willmot
fcurella,fcurella,stdweird,larsmans,boegel,astrofrog
willmot,willmot,mvrhov,nyeholt,gsaunier,AbrarSyed
shane-tomlinson,shane-tomlinson,mvrhov,willmot,gsaunier,nyeholt
stuntguy3000,stuntguy3000,sergiogonzalez,nicolas-f,fredericBregier,samuelkong
hemanth,hemanth,ghoneycutt,jnunemaker,dgoodlad,jhoblitt
rgrp,rgrp,nyeholt,willmot,mvrhov,gsaunier
mcepl,mcepl,nyeholt,gsaunier,willmot,mvrhov
Sanne,Sanne,KocsisDaniel,vilmospapp,samuelkong,DrkMatr1984
jamtur01,jamtur01,larsmans,astrofrog,cgohlke,ipa-fxm
abubeck,abubeck,sergiogonzalez,juliocamarero,codjo,matethurzo
Nami-Doc,Nami-Doc,mvrhov,willmot,gsaunier,nyeholt
splitbrain,splitbrain,nyeholt,willmot,gsaunier,mvrhov
cloudedge,cloudedge,stdweird,Kenneth-T-Moore,ipa-fxm,larsmans
vicb,vicb,sergiogonzalez,juliocamarero,SAC-CS,JorgeFerrer
ezzatron,ezzatron,gsaunier,nyeholt,willmot,mvrhov
whatthejeff,whatthejeff,nyeholt,mvrhov,gsaunier,willmot
jvazquez-r7,jvazquez-r7,douglaswth,todb-r7,dgoodlad,jnunemaker
tagomoris,tagomoris,nyeholt,gsaunier,mvrhov,willmot
euforic,euforic,thlorenz,dandv,gustavohenke,janantala
abrkn,abrkn,ghoneycutt,dgoodlad,jhoblitt,todb-r7
sonots,sonots,sergiogonzalez,SAC-CS,laszlocsontos,brianchandotcom
normanmaurer,normanmaurer,sergiogonzalez,shuyangzhou,KocsisDaniel,nicolas-f
mgcrea,mgcrea,ghoneycutt,soulcutter,jhoblitt,todb-r7
bkeepers,bkeepers,dgoodlad,todb-r7,mezis,solnic
cbeer,cbeer,sergiogonzalez,DrkMatr1984,psgs,nicolas-f
tractorcow,tractorcow,willmot,mvrhov,nyeholt,gsaunier
pentaho-nbaker,pentaho-nbaker,sergiogonzalez,ealonso,samuelkong,DrkMatr1984
robinboehm,robinboehm,sergiogonzalez,KocsisDaniel,samuelkong,DrkMatr1984
codjo,codjo,sergiogonzalez,epgarcia,rotty3000,andylyall
sander1,sander1,taldcroft,cgohlke,ipa-fxm,larsmans
patrickarlt,patrickarlt,thlorenz,maximeprades,janantala,tbranyen
ktmud,ktmud,astrofrog,ipa-fxm,JensTimmerman,Kenneth-T-Moore
youxiachai,youxiachai,psgs,ealonso,jhinkey,dscho
rmccue,rmccue,mvrhov,nyeholt,willmot,gsaunier
JangoSteve,JangoSteve,mvrhov,willmot,gsaunier,nyeholt
LaurentGoderre,LaurentGoderre,thlorenz,k88hudson,gustavohenke,janantala
thoop,thoop,shuyangzhou,VlikeBanana,KocsisDaniel,nicolas-f
niwibe,niwibe,Kenneth-T-Moore,cgohlke,ipa-fxm,JensTimmerman
coderhaoxin,coderhaoxin,nyeholt,willmot,gsaunier,mvrhov
docteurklein,docteurklein,willmot,nyeholt,gsaunier,mvrhov
mlandauer,mlandauer,gsaunier,willmot,mvrhov,nyeholt
markijbema,markijbema,nyeholt,gsaunier,mvrhov,willmot
kevinburke,kevinburke,sergiogonzalez,shuyangzhou,KocsisDaniel,nicolas-f
franzliedke,franzliedke,sergiogonzalez,psgs,ealonso,jhinkey
jrief,jrief,JensTimmerman,taldcroft,ipa-fxm,larsmans
akaptur,akaptur,taldcroft,ipa-fxm,cgohlke,JensTimmerman
avoinea,avoinea,larsmans,astrofrog,cgohlke,ipa-fxm
lukasgraf,lukasgraf,larsmans,boegel,astrofrog,taldcroft
deiga,deiga,sergiogonzalez,SAC-CS,epgarcia,rotty3000
jhoblitt,jhoblitt,douglaswth,todb-r7,dgoodlad,jvazquez-r7
lipis,lipis,sergiogonzalez,shuyangzhou,KocsisDaniel,nicolas-f
wvanbergen,wvanbergen,ghoneycutt,dgoodlad,jhoblitt,todb-r7
Robert-Frampton,Robert-Frampton,sergiogonzalez,vilmospapp,samuelkong,DrkMatr1984
jamesward,jamesward,sergiogonzalez,KocsisDaniel,samuelkong,DrkMatr1984
tlvince,tlvince,jhinkey,KocsisDaniel,nicolas-f,vilmospapp
dannyroberts,dannyroberts,larsmans,taldcroft,ipa-fxm,astrofrog
rjocoleman,rjocoleman,mvrhov,willmot,nyeholt,gsaunier
dankilman,dankilman,sergiogonzalez,VlikeBanana,psgs,nicolas-f
michaelklishin,michaelklishin,sergiogonzalez,shuyangzhou,VlikeBanana,epgarcia
cvan,cvan,nyeholt,gsaunier,mvrhov,willmot
SimonSapin,SimonSapin,nyeholt,willmot,mvrhov,gsaunier
EmmanuelVella,EmmanuelVella,gsaunier,willmot,mvrhov,nyeholt
ebidel,ebidel,sergiogonzalez,shuyangzhou,KocsisDaniel,nicolas-f
jubianchi,jubianchi,sergiogonzalez,shuyangzhou,KocsisDaniel,nicolas-f
juliandunn,juliandunn,ealonso,shuyangzhou,VlikeBanana,andylyall
dgolovin,dgolovin,sergiogonzalez,ealonso,samuelkong,DrkMatr1984
codeinthehole,codeinthehole,willmot,nyeholt,mvrhov,gsaunier
mhor,mhor,jhinkey,MBQ-,laszlocsontos,olivergierke
joschi,joschi,sergiogonzalez,shuyangzhou,KocsisDaniel,nicolas-f
eLobato,eLobato,sergiogonzalez,laszlocsontos,matethurzo,codjo
alex,alex,willmot,nyeholt,gsaunier,mvrhov
nuest,nuest,sergiogonzalez,ealonso,samuelkong,DrkMatr1984
Neamar,Neamar,sergiogonzalez,VlikeBanana,psgs,nicolas-f
rchavik,rchavik,mvrhov,gsaunier,willmot,nyeholt
kylef,kylef,sergiogonzalez,SAC-CS,VlikeBanana,epgarcia
jdeolive,jdeolive,sergiogonzalez,hhuijser,nicolas-f,jhinkey
yhahn,yhahn,taldcroft,cgohlke,ipa-fxm,JensTimmerman
alindeman,alindeman,sergiogonzalez,DrkMatr1984,psgs,nicolas-f
janantala,janantala,thlorenz,dandv,gustavohenke,tbranyen
sawanoboly,sawanoboly,douglaswth,todb-r7,dgoodlad,jvazquez-r7
portertech,portertech,ghoneycutt,solnic,dgoodlad,jhoblitt
PragTob,PragTob,ghoneycutt,jnunemaker,dgoodlad,jhoblitt
johnnyhowey,johnnyhowey,sergiogonzalez,ealonso,samuelkong,DrkMatr1984
willkg,willkg,stdweird,cgohlke,astrofrog,JensTimmerman
pitr-ch,pitr-ch,larsmans,JensTimmerman,ipa-fxm,astrofrog
tgriesser,tgriesser,gsaunier,mvrhov,willmot,nyeholt
lonnen,lonnen,stdweird,Kenneth-T-Moore,ipa-fxm,astrofrog
masarakki,masarakki,sergiogonzalez,SAC-CS,laszlocsontos,brianchandotcom
glogiotatidis,glogiotatidis,nyeholt,gsaunier,mvrhov,willmot
wimvds,wimvds,gsaunier,mvrhov,willmot,nyeholt
marcoscaceres,marcoscaceres,sergiogonzalez,mdelapenya,ealonso,mhan810
matthewfl,matthewfl,sergiogonzalez,jhinkey,KocsisDaniel,nicolas-f
kud,kud,gsaunier,nyeholt,willmot,mvrhov
nicks,nicks,sergiogonzalez,KocsisDaniel,samuelkong,DrkMatr1984
acatton,acatton,stdweird,Kenneth-T-Moore,ipa-fxm,astrofrog
gregcaporaso,gregcaporaso,nyeholt,willmot,gsaunier,mvrhov
kares,kares,laszlocsontos,matethurzo,codjo,psgs
solnic,solnic,douglaswth,todb-r7,dgoodlad,jvazquez-r7
zaach,zaach,jhinkey,codjo,MBQ-,laszlocsontos
mahmoudimus,mahmoudimus,sergiogonzalez,shuyangzhou,KocsisDaniel,nicolas-f
elia,elia,taldcroft,astrofrog,cgohlke,JensTimmerman
hectcastro,hectcastro,JensTimmerman,taldcroft,ipa-fxm,larsmans
lmacken,lmacken,stdweird,astrofrog,taldcroft,Kenneth-T-Moore
dcarley,dcarley,sergiogonzalez,shuyangzhou,KocsisDaniel,nicolas-f
stevendgonzales,stevendgonzales,JensTimmerman,taldcroft,ipa-fxm,larsmans
bdvholmes,bdvholmes,sergiogonzalez,KocsisDaniel,samuelkong,DrkMatr1984
warner,warner,cgohlke,astrofrog,boegel,taldcroft
jbalsas,jbalsas,KocsisDaniel,samuelkong,DrkMatr1984,rotty3000
joefiorini,joefiorini,willmot,mvrhov,nyeholt,gsaunier
gsaunier,gsaunier,willmot,mvrhov,nyeholt,AbrarSyed
gjohnson,gjohnson,sergiogonzalez,topolik,codjo,MBQ-
sbesson,sbesson,sergiogonzalez,VlikeBanana,psgs,nicolas-f
coderaiser,coderaiser,mvrhov,gsaunier,nyeholt,willmot
pippinsplugins,pippinsplugins,willmot,nyeholt,gsaunier,mvrhov
GaryJones,GaryJones,gsaunier,willmot,mvrhov,nyeholt
unwiredben,unwiredben,gsaunier,nyeholt,willmot,mvrhov
marclundgren,marclundgren,sergiogonzalez,KocsisDaniel,samuelkong,DrkMatr1984
toastdriven,toastdriven,JensTimmerman,taldcroft,astrofrog,ipa-fxm
cmfcmf,cmfcmf,sergiogonzalez,psgs,ealonso,jhinkey
oleg-nenashev,oleg-nenashev,sergiogonzalez,vilmospapp,brianchandotcom,samuelkong
prashtx,prashtx,nyeholt,willmot,mvrhov,gsaunier
esteinborn,esteinborn,nyeholt,gsaunier,mvrhov,willmot
weakish,weakish,sergiogonzalez,jhinkey,KocsisDaniel,nicolas-f
andrew,andrew,ghoneycutt,solnic,dgoodlad,jhoblitt
shouze,shouze,nyeholt,willmot,gsaunier,mvrhov
seejohnrun,seejohnrun,sergiogonzalez,shuyangzhou,KocsisDaniel,nicolas-f
jdan,jdan,sergiogonzalez,shuyangzhou,KocsisDaniel,nicolas-f
thomasleveil,thomasleveil,sergiogonzalez,psgs,dscho,nicolas-f
nathanlws,nathanlws,sergiogonzalez,DrkMatr1984,psgs,nicolas-f
igrigorik,igrigorik,ghoneycutt,solnic,dgoodlad,jhoblitt
kiorky,kiorky,Kenneth-T-Moore,astrofrog,taldcroft,JensTimmerman
bueltge,bueltge,mvrhov,willmot,gsaunier,nyeholt
methane,methane,mvrhov,willmot,nyeholt,gsaunier
blzaugg,blzaugg,KocsisDaniel,samuelkong,DrkMatr1984,rotty3000
Krinkle,Krinkle,nyeholt,willmot,gsaunier,mvrhov
olivergierke,olivergierke,sergiogonzalez,DrkMatr1984,codjo,andylyall
shopgirl284,shopgirl284,larsmans,taldcroft,cgohlke,ipa-fxm
jrburke,jrburke,nyeholt,gsaunier,mvrhov,willmot
vilmospapp,vilmospapp,sergiogonzalez,epgarcia,rotty3000,codjo
ronanguilloux,ronanguilloux,mvrhov,willmot,gsaunier,nyeholt
davidcelis,davidcelis,Kenneth-T-Moore,cgohlke,ipa-fxm,JensTimmerman
thewilkybarkid,thewilkybarkid,nyeholt,willmot,mvrhov,gsaunier
takeit,takeit,willmot,nyeholt,mvrhov,gsaunier
stephenc,stephenc,sergiogonzalez,DrkMatr1984,laszlocsontos,brianchandotcom
rogerhu,rogerhu,shuyangzhou,VlikeBanana,KocsisDaniel,nicolas-f
Jaiglissechef-i9100,Jaiglissechef-i9100,sergiogonzalez,brianchandotcom,codjo,matethurzo
camspiers,camspiers,nyeholt,willmot,gsaunier,mvrhov
narqo,narqo,thlorenz,dandv,gustavohenke,janantala
bjornstar,bjornstar,willmot,mvrhov,gsaunier,nyeholt
topolik,topolik,sergiogonzalez,epgarcia,rotty3000,codjo
sidorares,sidorares,gsaunier,mvrhov,willmot,nyeholt
zyegfryed,zyegfryed,taldcroft,JensTimmerman,ipa-fxm,astrofrog
serby,serby,mvrhov,gsaunier,willmot,nyeholt
cfoellmann,cfoellmann,nyeholt,gsaunier,willmot,mvrhov
rlr,rlr,willmot,nyeholt,gsaunier,mvrhov
matthias-guenther,matthias-guenther,nyeholt,gsaunier,mvrhov,willmot
nijel,nijel,nyeholt,gsaunier,mvrhov,willmot
jharting,jharting,sergiogonzalez,mhan810,ealonso,jhinkey
potomak,potomak,gsaunier,willmot,nyeholt,mvrhov
kissygallery,kissygallery,sergiogonzalez,shuyangzhou,KocsisDaniel,nicolas-f
jbrooksuk,jbrooksuk,mvrhov,gsaunier,willmot,nyeholt
frankrousseau,frankrousseau,stdweird,Kenneth-T-Moore,ipa-fxm,astrofrog
esoergel,esoergel,astrofrog,larsmans,Kenneth-T-Moore,cgohlke
aadsm,aadsm,mvrhov,willmot,gsaunier,nyeholt
doowb,doowb,willmot,mvrhov,gsaunier,nyeholt
Munter,Munter,mezis,todb-r7,solnic,jnunemaker
ADmad,ADmad,nyeholt,willmot,gsaunier,mvrhov
robertkowalski,robertkowalski,dgoodlad,todb-r7,mezis,solnic
joliss,joliss,gsaunier,nyeholt,mvrhov,willmot
arangamani,arangamani,sergiogonzalez,shuyangzhou,KocsisDaniel,nicolas-f
robertomiranda,robertomiranda,hunner,jhoblitt,todb-r7,jvazquez-r7
chenglou,chenglou,gsaunier,mvrhov,willmot,nyeholt
simonwex,simonwex,thlorenz,dandv,gustavohenke,janantala
mekarpeles,mekarpeles,Kenneth-T-Moore,cgohlke,ipa-fxm,JensTimmerman
pure59,pure59,KocsisDaniel,samuelkong,DrkMatr1984,rotty3000
maurogeorge,maurogeorge,gsaunier,nyeholt,willmot,mvrhov
fbricon,fbricon,sergiogonzalez,ealonso,samuelkong,DrkMatr1984
chrisdickinson,chrisdickinson,boegel,astrofrog,Kenneth-T-Moore,taldcroft
aik099,aik099,nyeholt,willmot,gsaunier,mvrhov
dstufft,dstufft,gsaunier,nyeholt,willmot,mvrhov
aspiers,aspiers,JensTimmerman,Kenneth-T-Moore,ipa-fxm,larsmans
calebthompson,calebthompson,ghoneycutt,dgoodlad,jhoblitt,todb-r7
Remo,Remo,nyeholt,gsaunier,mvrhov,willmot
gregturn,gregturn,sergiogonzalez,DrkMatr1984,laszlocsontos,brianchandotcom
teeparham,teeparham,ghoneycutt,soulcutter,jhoblitt,todb-r7
miracle2k,miracle2k,sergiogonzalez,rotty3000,ealonso,mhan810
mnapoli,mnapoli,nyeholt,mvrhov,willmot,gsaunier
JustinSGray,JustinSGray,taldcroft,JensTimmerman,cgohlke,ipa-fxm
VictorLowther,VictorLowther,taldcroft,cgohlke,ipa-fxm,JensTimmerman
digitalextremist,digitalextremist,nyeholt,gsaunier,mvrhov,willmot
jbuck,jbuck,VlikeBanana,andreaturli,samuelkong,nicolas-f
jlambert121,jlambert121,astrofrog,ipa-fxm,boegel,cgohlke
pjedrzejewski,pjedrzejewski,willmot,nyeholt,mvrhov,gsaunier
iandees,iandees,sergiogonzalez,VlikeBanana,psgs,nicolas-f
unclecheese,unclecheese,mvrhov,gsaunier,nyeholt,willmot
nschonni,nschonni,nyeholt,gsaunier,willmot,mvrhov
skottler,skottler,sergiogonzalez,shuyangzhou,VlikeBanana,epgarcia
mjumbewu,mjumbewu,mvrhov,gsaunier,nyeholt,willmot
rosenfeld,rosenfeld,mhan810,matethurzo,ealonso,jhinkey
tdesvenain,tdesvenain,boegel,larsmans,ipa-fxm,Kenneth-T-Moore
hsbt,hsbt,sergiogonzalez,shuyangzhou,VlikeBanana,epgarcia
lorenzo,lorenzo,nyeholt,willmot,mvrhov,gsaunier
kpiwko,kpiwko,DrkMatr1984,laszlocsontos,brianchandotcom,csierra
stephendonner,stephendonner,JensTimmerman,Kenneth-T-Moore,boegel,taldcroft
danielbeardsley,danielbeardsley,nyeholt,gsaunier,mvrhov,willmot
dracos,dracos,mvrhov,willmot,nyeholt,gsaunier
rlidwka,rlidwka,willmot,gsaunier,mvrhov,nyeholt
lynnaloo,lynnaloo,shuyangzhou,KocsisDaniel,nicolas-f,vilmospapp
ruudk,ruudk,nyeholt,willmot,mvrhov,gsaunier
jcrugzz,jcrugzz,thlorenz,dandv,gustavohenke,janantala
fabiokr,fabiokr,ipa-fxm,cgohlke,stdweird,Kenneth-T-Moore
Vinai,Vinai,willmot,mvrhov,gsaunier,nyeholt
iNecas,iNecas,JensTimmerman,taldcroft,astrofrog,ipa-fxm
kesla,kesla,ghoneycutt,hunner,jhoblitt,jvazquez-r7
henrikhodne,henrikhodne,gsaunier,nyeholt,mvrhov,willmot
mathiasbynens,mathiasbynens,sergiogonzalez,shuyangzhou,KocsisDaniel,nicolas-f
thedrow,thedrow,JensTimmerman,taldcroft,ipa-fxm,larsmans
mattrobenolt,mattrobenolt,sergiogonzalez,jhinkey,KocsisDaniel,nicolas-f
mapleoin,mapleoin,taldcroft,cgohlke,ipa-fxm,JensTimmerman
JustinAiken,JustinAiken,ghoneycutt,soulcutter,jhoblitt,todb-r7
larsmans,larsmans,Kenneth-T-Moore,ipa-fxm,stdweird,boegel
gsamokovarov,gsamokovarov,sergiogonzalez,VlikeBanana,psgs,nicolas-f
rschmukler,rschmukler,gsaunier,mvrhov,willmot,nyeholt
blkperl,blkperl,stdweird,JensTimmerman,Kenneth-T-Moore,ipa-fxm
amiel,amiel,nyeholt,willmot,gsaunier,mvrhov
mhan810,mhan810,sergiogonzalez,epgarcia,rotty3000,codjo
mikeal,mikeal,sergiogonzalez,SAC-CS,laszlocsontos,brianchandotcom
s0undt3ch,s0undt3ch,larsmans,taldcroft,Kenneth-T-Moore,boegel
branan,branan,nyeholt,willmot,mvrhov,gsaunier
Irio,Irio,ghoneycutt,soulcutter,jhoblitt,todb-r7
remy,remy,sergiogonzalez,shuyangzhou,KocsisDaniel,nicolas-f
alfredodeza,alfredodeza,SAC-CS,VlikeBanana,olivergierke,hhuijser
alanshaw,alanshaw,sergiogonzalez,DrkMatr1984,laszlocsontos,brianchandotcom
jherdman,jherdman,willmot,nyeholt,gsaunier,mvrhov
VineetReynolds,VineetReynolds,sergiogonzalez,mhan810,ealonso,jhinkey
yarikoptic,yarikoptic,JensTimmerman,taldcroft,ipa-fxm,larsmans
AD7six,AD7six,nyeholt,gsaunier,willmot,mvrhov
stojg,stojg,mvrhov,gsaunier,willmot,nyeholt
CodeBlock,CodeBlock,sergiogonzalez,jhinkey,KocsisDaniel,nicolas-f
kumar303,kumar303,sergiogonzalez,rotty3000,ealonso,mhan810
mpapis,mpapis,gsaunier,nyeholt,willmot,mvrhov
mitar,mitar,Kenneth-T-Moore,cgohlke,ipa-fxm,astrofrog
chapmanb,chapmanb,sergiogonzalez,VlikeBanana,psgs,nicolas-f
mbeall,mbeall,nyeholt,gsaunier,mvrhov,willmot
infininight,infininight,sergiogonzalez,shuyangzhou,VlikeBanana,andylyall
cbotsikas,cbotsikas,KocsisDaniel,vilmospapp,samuelkong,DrkMatr1984
biyeun,biyeun,mvrhov,willmot,nyeholt,gsaunier
mislav,mislav,ghoneycutt,hunner,jhoblitt,jvazquez-r7
zsagia,zsagia,sergiogonzalez,KocsisDaniel,samuelkong,DrkMatr1984
jprice,jprice,sergiogonzalez,shuyangzhou,KocsisDaniel,nicolas-f
philandstuff,philandstuff,stdweird,Kenneth-T-Moore,ipa-fxm,astrofrog
briancavalier,briancavalier,sergiogonzalez,jhinkey,KocsisDaniel,nicolas-f
eduardolundgren,eduardolundgren,sergiogonzalez,shuyangzhou,KocsisDaniel,nicolas-f
lol768,lol768,sergiogonzalez,VlikeBanana,samuelkong,nicolas-f
skeggse,skeggse,dandv,gustavohenke,janantala,tbranyen
migue,migue,sergiogonzalez,KocsisDaniel,samuelkong,DrkMatr1984
ghoneycutt,ghoneycutt,todb-r7,dgoodlad,jvazquez-r7,jnunemaker
moorepants,moorepants,Kenneth-T-Moore,stdweird,astrofrog,cgohlke
yakky,yakky,JensTimmerman,ipa-fxm,larsmans,cgohlke
zenspider,zenspider,sergiogonzalez,shuyangzhou,KocsisDaniel,nicolas-f
Peeja,Peeja,stdweird,JensTimmerman,Kenneth-T-Moore,ipa-fxm
mistydemeo,mistydemeo,sergiogonzalez,rotty3000,VlikeBanana,olivergierke
deiferni,deiferni,larsmans,Kenneth-T-Moore,astrofrog,ipa-fxm
darobin,darobin,willmot,gsaunier,mvrhov,nyeholt
docwhat,docwhat,sergiogonzalez,shuyangzhou,KocsisDaniel,nicolas-f
balupton,balupton,mvrhov,gsaunier,nyeholt,willmot
blaugueux,blaugueux,willmot,nyeholt,mvrhov,gsaunier
PunKeel,PunKeel,sergiogonzalez,dscho,psgs,shuyangzhou
faceleg,faceleg,nyeholt,willmot,gsaunier,mvrhov
pysailor,pysailor,astrofrog,ipa-fxm,boegel,larsmans
nonZero,nonZero,gsaunier,nyeholt,mvrhov,willmot
burzum,burzum,mvrhov,willmot,gsaunier,nyeholt
domoritz,domoritz,sergiogonzalez,shuyangzhou,VlikeBanana,epgarcia
jcasimir,jcasimir,taldcroft,cgohlke,ipa-fxm,JensTimmerman
jaraco,jaraco,taldcroft,JensTimmerman,ipa-fxm,astrofrog
kanzure,kanzure,cgohlke,ipa-fxm,JensTimmerman,taldcroft
Tschanzt,Tschanzt,astrofrog,ipa-fxm,boegel,larsmans
alexandresalome,alexandresalome,nyeholt,willmot,mvrhov,gsaunier
bosim,bosim,taldcroft,larsmans,ipa-fxm,boegel
gustavohenke,gustavohenke,thlorenz,dandv,janantala,tbranyen
aenario,aenario,ghoneycutt,hunner,jhoblitt,jvazquez-r7
matethurzo,matethurzo,sergiogonzalez,epgarcia,rotty3000,codjo
caolan,caolan,mvrhov,willmot,gsaunier,nyeholt
jgmize,jgmize,mvrhov,gsaunier,nyeholt,willmot
zuazo,zuazo,stdweird,larsmans,boegel,astrofrog
RWOverdijk,RWOverdijk,mvrhov,willmot,nyeholt,gsaunier
CTLocalGovTeam,CTLocalGovTeam,thlorenz,janantala,tbranyen,narqo
ryandub,ryandub,taldcroft,cgohlke,ipa-fxm,JensTimmerman
jpadilla,jpadilla,gsaunier,nyeholt,willmot,mvrhov
benbalter,benbalter,gsaunier,nyeholt,willmot,mvrhov
wking,wking,nyeholt,willmot,mvrhov,gsaunier
stevendanna,stevendanna,sergiogonzalez,SAC-CS,VlikeBanana,epgarcia
robwierzbowski,robwierzbowski,nyeholt,gsaunier,mvrhov,willmot
adelevie,adelevie,mvrhov,nyeholt,willmot,gsaunier
jasonkarns,jasonkarns,gsaunier,willmot,mvrhov,nyeholt
pencil,pencil,stdweird,larsmans,boegel,astrofrog
jackfranklin,jackfranklin,willmot,nyeholt,mvrhov,gsaunier
cristiandouce,cristiandouce,nyeholt,gsaunier,mvrhov,willmot
mrshu,mrshu,mvrhov,gsaunier,nyeholt,willmot
stephenmathieson,stephenmathieson,mvrhov,gsaunier,nyeholt,willmot
edewit,edewit,sergiogonzalez,KocsisDaniel,samuelkong,DrkMatr1984
arokem,arokem,sergiogonzalez,shuyangzhou,KocsisDaniel,nicolas-f
blackjid,blackjid,stdweird,JensTimmerman,Kenneth-T-Moore,ipa-fxm
real34,real34,nyeholt,gsaunier,mvrhov,willmot
RyanTech,RyanTech,sergiogonzalez,shuyangzhou,KocsisDaniel,nicolas-f
komidore64,komidore64,taldcroft,astrofrog,cgohlke,Kenneth-T-Moore
philfreo,philfreo,cgohlke,ipa-fxm,JensTimmerman,taldcroft
danielsdeleo,danielsdeleo,mvrhov,gsaunier,nyeholt,willmot
pelson,pelson,cgohlke,ipa-fxm,JensTimmerman,taldcroft
jeremeamia,jeremeamia,gsaunier,nyeholt,willmot,mvrhov
BanzaiMan,BanzaiMan,shuyangzhou,KocsisDaniel,nicolas-f,vilmospapp
EvanHahn,EvanHahn,mvrhov,gsaunier,nyeholt,willmot
rexxars,rexxars,gsaunier,willmot,mvrhov,nyeholt
mvrhov,mvrhov,willmot,nyeholt,gsaunier,AbrarSyed
aaronjorbin,aaronjorbin,gsaunier,mvrhov,willmot,nyeholt
MoOx,MoOx,mvrhov,willmot,gsaunier,nyeholt
SBoudrias,SBoudrias,willmot,nyeholt,mvrhov,gsaunier
titanous,titanous,sergiogonzalez,DrkMatr1984,laszlocsontos,brianchandotcom
gastaldi,gastaldi,psgs,ealonso,jhinkey,dscho
tofumatt,tofumatt,mvrhov,gsaunier,nyeholt,willmot
desandro,desandro,dandv,gustavohenke,janantala,tbranyen
ehelms,ehelms,mvrhov,gsaunier,nyeholt,willmot
Bartvds,Bartvds,nyeholt,gsaunier,willmot,mvrhov
lucasmazza,lucasmazza,ghoneycutt,jnunemaker,dgoodlad,jhoblitt
cavneb,cavneb,gsaunier,nyeholt,willmot,mvrhov
EvanDotPro,EvanDotPro,gsaunier,nyeholt,willmot,mvrhov
ionelmc,ionelmc,taldcroft,astrofrog,cgohlke,JensTimmerman
masondesu,masondesu,astrofrog,cgohlke,ipa-fxm,JensTimmerman
Dignifiedquire,Dignifiedquire,willmot,mvrhov,gsaunier,nyeholt
aheckmann,aheckmann,mvrhov,willmot,nyeholt,gsaunier
garak,garak,gsaunier,mvrhov,willmot,nyeholt
mjhea0,mjhea0,larsmans,taldcroft,ipa-fxm,cgohlke
uwej711,uwej711,willmot,gsaunier,mvrhov,nyeholt
bodepd,bodepd,Kenneth-T-Moore,ipa-fxm,larsmans,taldcroft
twilson63,twilson63,ghoneycutt,dgoodlad,jhoblitt,todb-r7
snjeza,snjeza,sergiogonzalez,KocsisDaniel,samuelkong,DrkMatr1984
KenanY,KenanY,nyeholt,willmot,gsaunier,mvrhov
codekitchen,codekitchen,boegel,ipa-fxm,JensTimmerman,cgohlke
bebraw,bebraw,gsaunier,mvrhov,nyeholt,willmot
vanetix,vanetix,mvrhov,nyeholt,willmot,gsaunier
seanmonstar,seanmonstar,sergiogonzalez,SAC-CS,laszlocsontos,brianchandotcom
annashipman,annashipman,gsaunier,willmot,nyeholt,mvrhov
takluyver,takluyver,Kenneth-T-Moore,stdweird,cgohlke,astrofrog
selwin,selwin,taldcroft,cgohlke,ipa-fxm,JensTimmerman
timoschilling,timoschilling,ghoneycutt,hunner,jhoblitt,jvazquez-r7
anjackson,anjackson,sergiogonzalez,shuyangzhou,VlikeBanana,epgarcia
diglin,diglin,mhan810,matethurzo,ealonso,jhinkey
nesquena,nesquena,sergiogonzalez,DrkMatr1984,laszlocsontos,brianchandotcom
retr0h,retr0h,sergiogonzalez,SAC-CS,VlikeBanana,epgarcia
sodabrew,sodabrew,larsmans,cgohlke,ipa-fxm,JensTimmerman
bencevans,bencevans,nyeholt,gsaunier,willmot,mvrhov
secondsun,secondsun,sergiogonzalez,ealonso,samuelkong,DrkMatr1984
bengourley,bengourley,maximeprades,janantala,tbranyen,narqo
r7kamura,r7kamura,ghoneycutt,jnunemaker,dgoodlad,jhoblitt
JohnMcLear,JohnMcLear,sergiogonzalez,shuyangzhou,KocsisDaniel,nicolas-f
amasad,amasad,thlorenz,maximeprades,janantala,tbranyen
remiprev,remiprev,ghoneycutt,hunner,jhoblitt,jvazquez-r7
bf4,bf4,ghoneycutt,hunner,jhoblitt,jvazquez-r7
gegere,gegere,nyeholt,gsaunier,mvrhov,willmot
Daniel-Hug,Daniel-Hug,willmot,mvrhov,gsaunier,nyeholt
andypiper,andypiper,sergiogonzalez,jhinkey,KocsisDaniel,nicolas-f
Klap-in,Klap-in,nyeholt,gsaunier,mvrhov,willmot
mattupstate,mattupstate,cgohlke,ipa-fxm,JensTimmerman,taldcroft
ivanov,ivanov,taldcroft,cgohlke,ipa-fxm,JensTimmerman
laszlocsontos,laszlocsontos,sergiogonzalez,epgarcia,codjo,andylyall
machty,machty,willmot,mvrhov,gsaunier,nyeholt
daffl,daffl,JensTimmerman,stdweird,Kenneth-T-Moore,taldcroft
stephpy,stephpy,gsaunier,mvrhov,willmot,nyeholt
ajoslin,ajoslin,nyeholt,gsaunier,mvrhov,willmot
aschempp,aschempp,sergiogonzalez,shuyangzhou,KocsisDaniel,nicolas-f
DamonOehlman,DamonOehlman,stdweird,JensTimmerman,Kenneth-T-Moore,ipa-fxm
jprichardson,jprichardson,dgoodlad,todb-r7,mezis,solnic
djmitche,djmitche,gsaunier,nyeholt,willmot,mvrhov
jrf0110,jrf0110,nyeholt,willmot,gsaunier,mvrhov
MosesMendoza,MosesMendoza,mvrhov,gsaunier,nyeholt,willmot
Rich-Harris,Rich-Harris,thlorenz,maximeprades,janantala,tbranyen
baldurrensch,baldurrensch,mvrhov,willmot,gsaunier,nyeholt
K-Phoen,K-Phoen,nyeholt,gsaunier,mvrhov,willmot
chulkilee,chulkilee,gsaunier,mvrhov,willmot,nyeholt
rwinch,rwinch,sergiogonzalez,DrkMatr1984,laszlocsontos,brianchandotcom
MBQ-,MBQ-,sergiogonzalez,DrkMatr1984,codjo,andylyall
kizu,kizu,cgohlke,ipa-fxm,JensTimmerman,taldcroft
dominikzogg,dominikzogg,sergiogonzalez,jhinkey,KocsisDaniel,nicolas-f
